2023-03-18 11:41:32.166102-04:00,3719.42
2023-03-19 14:39:45.506014-04:00,3719.69
2023-03-19 15:14:45.862969-04:00,3715.93
2023-03-19 15:27:03.813078-04:00,3712.16
2023-03-19 15:39:34.851550-04:00,3711.63
2023-03-19 15:53:01.439997-04:00,3712.43
2023-03-19 16:19:17.491426-04:00,3717.0
2023-03-19 16:53:12.133740-04:00,3717.81
2023-03-19 17:15:47.500829-04:00,3717.27
2023-03-19 17:37:57.942067-04:00,3715.39
2023-03-19 17:52:53.631680-04:00,3713.51
2023-03-19 18:17:30.932142-04:00,3712.63
2023-03-19 18:38:19.309906-04:00,3704.13
2023-03-19 18:53:05.468860-04:00,3688.09
2023-03-19 19:18:37.425729-04:00,3684.71
2023-03-19 19:38:33.296816-04:00,3686.55
2023-03-19 19:53:07.938081-04:00,3679.76
2023-03-19 21:39:31.707402-04:00,3667.17
2023-03-19 22:35:28.326647-04:00,3662.6
2023-03-19 22:58:10.571990-04:00,3670.17
2023-03-19 23:22:29.141189-04:00,3671.42
2023-03-19 23:38:28.753840-04:00,3672.71
2023-03-19 23:52:56.803013-04:00,3672.13
2023-03-20 00:23:42.590249-04:00,3674.95
2023-03-20 00:41:41.200299-04:00,3673.53
2023-03-20 00:53:58.666219-04:00,3672.98
2023-03-20 01:18:03.092590-04:00,3671.54
2023-03-20 01:38:01.061776-04:00,3671.47
2023-03-20 01:53:21.183944-04:00,3678.44
2023-03-20 02:25:04.730323-04:00,3684.1
2023-03-20 02:42:31.998390-04:00,3697.79
2023-03-20 02:54:48.646415-04:00,3692.27
2023-03-20 03:17:48.844304-04:00,3707.1
2023-03-20 03:38:10.809523-04:00,3711.03
2023-03-20 03:53:00.845310-04:00,3703.38
2023-03-20 04:25:11.251209-04:00,3717.07
2023-03-20 04:42:16.318305-04:00,3718.78
2023-03-20 04:54:30.023265-04:00,3716.73
2023-03-20 05:20:01.803448-04:00,3711.7
2023-03-20 05:38:46.676269-04:00,3720.33
2023-03-20 05:53:10.746066-04:00,3703.14
2023-03-20 06:21:28.101946-04:00,3703.54
2023-03-20 06:42:00.238517-04:00,3691.14
2023-03-20 06:54:19.781136-04:00,3689.36
2023-03-20 07:16:15.460093-04:00,3690.33
2023-03-20 07:38:15.326673-04:00,3685.34
2023-03-20 07:53:21.740886-04:00,3693.23
2023-03-20 08:38:02.945574-04:00,3689.17
2023-03-20 09:10:49.447280-04:00,3658.89
2023-03-20 09:33:21.647681-04:00,3671.01
2023-03-20 09:53:03.259865-04:00,3685.61
2023-03-20 10:19:30.553731-04:00,3662.2
2023-03-20 10:41:18.059547-04:00,3667.69
2023-03-20 10:53:44.760010-04:00,3672.23
2023-03-20 11:21:01.502547-04:00,3663.07
2023-03-20 11:42:23.164444-04:00,3678.85
2023-03-20 11:54:36.507476-04:00,3683.31
2023-03-20 12:28:22.831587-04:00,3691.63
2023-03-20 12:49:54.442908-04:00,3684.5
2023-03-20 13:17:47.477864-04:00,3686.09
2023-03-20 13:38:04.183442-04:00,3687.65
2023-03-20 13:52:54.539824-04:00,3682.92
2023-03-20 14:12:32.801384-04:00,3690.42
2023-03-20 14:35:35.384763-04:00,3688.77
2023-03-20 14:45:08.171968-04:00,3689.47
2023-03-20 14:53:18.418428-04:00,3686.89
2023-03-20 15:08:06.900187-04:00,3687.8
2023-03-20 15:19:08.734046-04:00,3687.64
2023-03-20 15:26:40.095346-04:00,3685.77
2023-03-20 15:34:46.653963-04:00,3688.26
2023-03-20 15:43:20.516101-04:00,3688.23
2023-03-20 15:53:16.876458-04:00,3686.39
2023-03-20 16:10:05.975297-04:00,3681.34
2023-03-20 16:23:59.327181-04:00,3685.08
2023-03-20 16:33:55.161607-04:00,3688.18
2023-03-20 16:43:29.465064-04:00,3688.22
2023-03-20 16:53:13.950357-04:00,3687.57
2023-03-20 17:08:21.296766-04:00,3687.81
2023-03-20 17:21:15.438235-04:00,3693.11
2023-03-20 17:43:11.167733-04:00,3693.65
2023-03-20 17:53:27.881411-04:00,3693.38
2023-03-20 18:08:49.816538-04:00,3687.65
2023-03-20 18:23:41.049316-04:00,3691.93
2023-03-20 18:33:29.107748-04:00,3691.42
2023-03-20 18:43:19.635573-04:00,3692.03
2023-03-20 18:53:20.251110-04:00,3688.29
2023-03-20 19:09:25.537019-04:00,3687.9
2023-03-20 19:22:20.020365-04:00,3691.57
2023-03-20 19:34:03.294687-04:00,3687.5
2023-03-20 19:43:24.057645-04:00,3687.7
2023-03-20 19:53:13.941627-04:00,3688.0
2023-03-20 20:49:23.161377-04:00,3689.99
2023-03-20 21:56:04.201167-04:00,3693.78
2023-03-20 22:26:47.235227-04:00,3689.77
2023-03-20 22:43:01.834844-04:00,3694.59
2023-03-20 22:53:12.784827-04:00,3695.09
2023-03-20 23:10:18.673868-04:00,3699.77
2023-03-20 23:24:12.291759-04:00,3698.97
2023-03-20 23:33:54.016151-04:00,3697.47
2023-03-20 23:43:39.427825-04:00,3696.8
2023-03-20 23:53:23.526319-04:00,3697.85
2023-03-21 00:11:09.991952-04:00,3695.81
2023-03-21 00:30:26.408091-04:00,3692.76
2023-03-21 00:39:44.598768-04:00,3688.11
2023-03-21 00:47:35.242212-04:00,3692.45
2023-03-21 00:55:19.253526-04:00,3688.73
2023-03-21 01:09:28.398576-04:00,3689.9
2023-03-21 01:23:55.859727-04:00,3690.13
2023-03-21 01:33:38.716558-04:00,3690.59
2023-03-21 01:43:37.109245-04:00,3697.68
2023-03-21 01:53:18.171089-04:00,3697.84
2023-03-21 02:12:31.443901-04:00,3702.79
2023-03-21 02:31:18.605026-04:00,3692.8
2023-03-21 02:43:19.738013-04:00,3684.86
2023-03-21 02:53:30.960856-04:00,3680.38
2023-03-21 03:09:11.280680-04:00,3679.97
2023-03-21 03:21:26.645381-04:00,3688.47
2023-03-21 03:33:39.965874-04:00,3682.85
2023-03-21 03:43:18.371363-04:00,3683.55
2023-03-21 03:53:25.015382-04:00,3685.22
2023-03-21 04:12:48.219393-04:00,3669.44
2023-03-21 04:31:33.247112-04:00,3673.5
2023-03-21 04:43:15.700995-04:00,3673.99
2023-03-21 04:53:15.583087-04:00,3667.4
2023-03-21 05:09:57.102559-04:00,3671.94
2023-03-21 05:24:21.551988-04:00,3668.44
2023-03-21 05:33:57.987151-04:00,3672.51
2023-03-21 05:43:22.554788-04:00,3678.83
2023-03-21 05:53:24.220530-04:00,3679.57
2023-03-21 06:10:22.221127-04:00,3681.02
2023-03-21 06:27:49.578785-04:00,3672.89
2023-03-21 06:36:33.587932-04:00,3674.48
2023-03-21 06:44:11.967586-04:00,3672.36
2023-03-21 06:53:20.261510-04:00,3674.63
2023-03-21 07:08:04.009145-04:00,3681.06
2023-03-21 07:18:58.121306-04:00,3684.21
2023-03-21 07:26:43.627831-04:00,3685.13
2023-03-21 07:34:37.793359-04:00,3680.72
2023-03-21 07:43:18.692802-04:00,3677.04
2023-03-21 07:53:15.170072-04:00,3677.76
2023-03-21 08:17:54.727672-04:00,3675.06
2023-03-21 08:43:46.654998-04:00,3689.69
2023-03-21 08:58:19.183027-04:00,3679.96
2023-03-21 09:14:25.268894-04:00,3678.5
2023-03-21 09:23:53.603700-04:00,3686.34
2023-03-21 09:33:42.894131-04:00,3685.3
2023-03-21 09:43:22.192365-04:00,3668.36
2023-03-21 09:53:28.951117-04:00,3659.91
2023-03-21 10:08:03.850918-04:00,3662.18
2023-03-21 10:19:54.818534-04:00,3652.75
2023-03-21 10:27:48.437106-04:00,3662.29
2023-03-21 10:35:21.413811-04:00,3674.24
2023-03-21 10:43:34.755090-04:00,3665.39
2023-03-21 10:53:33.897617-04:00,3664.85
2023-03-21 11:08:40.314142-04:00,3677.83
2023-03-21 11:20:48.923330-04:00,3676.38
2023-03-21 11:33:17.886721-04:00,3673.76
2023-03-21 11:43:22.147379-04:00,3666.87
2023-03-21 11:53:34.383197-04:00,3662.85
2023-03-21 12:10:34.082197-04:00,3665.81
2023-03-21 12:29:20.734594-04:00,3670.79
2023-03-21 12:40:51.536844-04:00,3658.42
2023-03-21 12:53:21.513650-04:00,3666.5
2023-03-21 13:08:51.447843-04:00,3672.48
2023-03-21 13:22:37.249273-04:00,3666.95
2023-03-21 13:34:02.668075-04:00,3665.66
2023-03-21 13:43:20.431434-04:00,3669.6
2023-03-21 13:53:39.406760-04:00,3666.99
2023-03-21 14:12:31.777521-04:00,3669.84
2023-03-21 14:30:54.623766-04:00,3672.56
2023-03-21 14:43:11.917995-04:00,3667.49
2023-03-21 17:33:38.799696-04:00,3685.15
2023-03-21 17:50:52.969217-04:00,3684.88
2023-03-21 18:18:38.028041-04:00,3681.61
2023-03-21 18:26:44.042249-04:00,3680.12
2023-03-21 18:32:08.688840-04:00,3683.04
2023-03-21 18:50:49.997206-04:00,3681.01
2023-03-21 19:01:12.078606-04:00,3681.37
2023-03-21 19:19:36.949824-04:00,3685.93
2023-03-21 19:25:51.014841-04:00,3683.54
2023-03-21 19:40:38.436395-04:00,3687.89
2023-03-21 19:50:45.969019-04:00,3685.93
2023-03-21 20:25:56.597208-04:00,3686.49
2023-03-21 21:46:51.112620-04:00,3687.95
2023-03-21 22:25:33.590682-04:00,3681.59
2023-03-21 22:43:11.218550-04:00,3677.96
2023-03-21 23:00:50.946072-04:00,3677.11
2023-03-21 23:20:48.217296-04:00,3677.46
2023-03-21 23:30:54.719053-04:00,3674.34
2023-03-21 23:40:47.779193-04:00,3675.42
2023-03-21 23:50:48.586895-04:00,3674.64
2023-03-22 00:00:51.863583-04:00,3676.48
2023-03-22 00:24:41.314906-04:00,3673.61
2023-03-22 00:33:47.794763-04:00,3673.09
2023-03-22 01:00:54.613863-04:00,3671.78
2023-03-22 01:20:23.976294-04:00,3671.95
2023-03-22 01:27:47.766717-04:00,3673.16
2023-03-22 01:33:27.905928-04:00,3673.12
2023-03-22 01:50:44.902307-04:00,3675.48
2023-03-22 02:25:08.266749-04:00,3674.71
2023-03-22 02:33:50.253889-04:00,3680.05
2023-03-22 02:50:39.253438-04:00,3682.28
2023-03-22 03:01:05.685815-04:00,3681.08
2023-03-22 03:18:12.129960-04:00,3674.61
2023-03-22 03:23:45.246637-04:00,3675.94
2023-03-22 03:40:47.087956-04:00,3669.05
2023-03-22 03:50:45.686187-04:00,3671.98
2023-03-22 04:00:59.554716-04:00,3673.2
2023-03-22 04:25:17.470343-04:00,3686.06
2023-03-22 04:33:20.396469-04:00,3690.75
2023-03-22 04:50:46.395313-04:00,3685.15
2023-03-22 05:01:07.766401-04:00,3683.85
2023-03-22 05:19:42.386387-04:00,3693.24
2023-03-22 05:26:26.100367-04:00,3694.43
2023-03-22 05:31:47.257429-04:00,3690.89
2023-03-22 05:50:44.277530-04:00,3689.75
2023-03-22 06:00:51.824536-04:00,3686.5
2023-03-22 06:22:35.976714-04:00,3683.33
2023-03-22 06:32:26.040771-04:00,3680.91
2023-03-22 06:50:39.837289-04:00,3681.79
2023-03-22 07:00:46.897459-04:00,3680.59
2023-03-22 07:16:50.692108-04:00,3683.34
2023-03-22 07:22:21.690220-04:00,3683.13
2023-03-22 07:36:32.426559-04:00,3681.96
2023-03-22 07:50:57.528582-04:00,3680.1
2023-03-22 08:01:15.162693-04:00,3683.11
2023-03-22 08:39:02.209811-04:00,3675.61
2023-03-22 08:58:25.743187-04:00,3667.28
2023-03-22 09:15:18.919952-04:00,3673.08
2023-03-22 09:28:45.321264-04:00,3670.48
2023-03-22 09:34:12.429936-04:00,3670.67
2023-03-22 09:50:48.018230-04:00,3676.45
2023-03-22 10:01:02.067009-04:00,3679.14
2023-03-22 10:19:53.135480-04:00,3692.56
2023-03-22 10:28:26.234754-04:00,3693.81
2023-03-22 10:34:05.803733-04:00,3693.88
2023-03-22 10:50:52.610442-04:00,3695.85
2023-03-22 11:01:05.199928-04:00,3702.46
2023-03-22 11:22:55.939980-04:00,3715.7
2023-03-22 11:41:04.360390-04:00,3718.44
2023-03-22 11:43:10.377800-04:00,3720.54
2023-03-22 12:00:51.188110-04:00,3719.11
2023-03-22 12:28:15.907842-04:00,3716.97
2023-03-22 12:41:49.516927-04:00,3729.22
2023-03-22 12:50:46.699009-04:00,3730.57
2023-03-22 13:01:01.674257-04:00,3728.19
2023-03-22 13:18:53.811494-04:00,3722.69
2023-03-22 13:26:58.302845-04:00,3718.89
2023-03-22 13:32:24.732522-04:00,3715.65
2023-03-22 13:50:59.713343-04:00,3724.79
2023-03-22 14:01:15.827983-04:00,3724.45
2023-03-22 14:25:09.888870-04:00,3725.88
2023-03-22 14:33:30.537771-04:00,3724.97
2023-03-22 14:41:44.589466-04:00,3743.71
2023-03-22 15:00:59.977686-04:00,3754.11
2023-03-22 15:16:28.764957-04:00,3727.32
2023-03-22 15:30:54.913969-04:00,3744.71
2023-03-22 15:40:51.950006-04:00,3754.45
2023-03-22 15:50:52.212951-04:00,3751.82
2023-03-22 16:00:48.210468-04:00,3756.76
2023-03-22 16:26:10.003291-04:00,3758.69
2023-03-22 16:40:58.921930-04:00,3761.09
2023-03-22 16:51:04.972124-04:00,3760.46
2023-03-22 17:01:05.928285-04:00,3759.33
2023-03-22 17:16:32.968787-04:00,3772.8
2023-03-22 17:30:43.750349-04:00,3780.41
2023-03-22 17:40:39.952122-04:00,3780.96
2023-03-22 17:50:47.403736-04:00,3780.41
2023-03-22 18:17:02.751628-04:00,3757.54
2023-03-22 18:23:27.945068-04:00,3758.51
2023-03-22 18:40:41.561385-04:00,3758.78
2023-03-22 18:50:38.287012-04:00,3759.24
2023-03-22 19:00:52.118705-04:00,3756.72
2023-03-22 19:17:30.048904-04:00,3754.15
2023-03-22 19:23:57.769529-04:00,3757.66
2023-03-22 19:41:01.178539-04:00,3758.9
2023-03-22 19:44:12.179101-04:00,3759.97
2023-03-22 20:27:51.883356-04:00,3765.23
2023-03-22 21:47:29.612348-04:00,3742.99
2023-03-22 22:24:39.602363-04:00,3743.03
2023-03-22 22:42:08.642568-04:00,3746.0
2023-03-22 23:01:01.232774-04:00,3739.39
2023-03-22 23:20:52.190895-04:00,3745.45
2023-03-22 23:30:49.502134-04:00,3743.87
2023-03-22 23:40:39.958250-04:00,3743.1
2023-03-22 23:50:48.044286-04:00,3745.12
2023-03-23 00:00:51.287625-04:00,3746.17
2023-03-23 00:24:37.274508-04:00,3745.3
2023-03-23 00:34:02.127473-04:00,3744.14
2023-03-23 00:50:45.770529-04:00,3746.03
2023-03-23 01:00:59.733130-04:00,3746.69
2023-03-23 01:19:13.714882-04:00,3751.17
2023-03-23 01:26:55.332869-04:00,3753.73
2023-03-23 01:32:17.208175-04:00,3753.99
2023-03-23 01:50:42.400179-04:00,3755.31
2023-03-23 02:00:53.680934-04:00,3747.94
2023-03-23 02:25:36.659709-04:00,3754.86
2023-03-23 02:34:20.506447-04:00,3759.5
2023-03-23 02:41:57.954633-04:00,3754.16
2023-03-23 03:00:53.982811-04:00,3751.93
2023-03-23 03:18:11.105562-04:00,3754.02
2023-03-23 03:23:51.386265-04:00,3750.54
2023-03-23 03:40:36.298377-04:00,3753.44
2023-03-23 03:50:36.093983-04:00,3741.25
2023-03-23 04:00:49.657680-04:00,3734.02
2023-03-23 04:25:27.215894-04:00,3740.77
2023-03-23 04:34:04.101643-04:00,3735.06
2023-03-23 04:41:51.804957-04:00,3733.8
2023-03-23 05:00:54.480871-04:00,3733.12
2023-03-23 05:20:04.402603-04:00,3735.33
2023-03-23 05:26:49.295949-04:00,3734.49
2023-03-23 05:32:39.225192-04:00,3737.76
2023-03-23 05:50:47.116394-04:00,3734.98
2023-03-23 06:00:46.794539-04:00,3735.58
2023-03-23 06:23:17.655724-04:00,3745.32
2023-03-23 06:33:12.892015-04:00,3743.78
2023-03-23 06:50:55.953298-04:00,3749.53
2023-03-23 07:01:00.739837-04:00,3753.95
2023-03-23 07:17:01.267192-04:00,3742.2
2023-03-23 07:22:46.960655-04:00,3739.34
2023-03-23 07:41:00.114606-04:00,3740.35
2023-03-23 07:50:55.152251-04:00,3740.16
2023-03-23 08:01:09.751284-04:00,3737.91
2023-03-23 08:41:10.481870-04:00,3742.11
2023-03-23 09:03:13.100224-04:00,3741.03
2023-03-23 09:30:06.319893-04:00,3746.45
2023-03-23 09:39:25.737662-04:00,3749.87
2023-03-23 09:44:33.789041-04:00,3737.48
2023-03-23 09:57:51.813750-04:00,3745.82
2023-03-23 10:20:46.633277-04:00,3762.68
2023-03-23 10:31:50.066417-04:00,3762.97
2023-03-23 10:50:52.129698-04:00,3752.09
2023-03-23 11:01:16.196158-04:00,3758.59
2023-03-23 11:21:25.466411-04:00,3748.65
2023-03-23 11:25:46.051696-04:00,3757.65
2023-03-23 11:40:41.975320-04:00,3761.59
2023-03-23 11:50:52.319997-04:00,3762.6
2023-03-23 12:00:57.668043-04:00,3759.29
2023-03-23 12:29:10.196583-04:00,3770.33
2023-03-23 12:42:51.017961-04:00,3773.17
2023-03-23 13:00:59.482079-04:00,3770.16
2023-03-23 13:19:27.997456-04:00,3775.17
2023-03-23 13:28:17.029771-04:00,3769.56
2023-03-23 13:33:50.295373-04:00,3774.31
2023-03-23 13:51:02.130796-04:00,3778.3
2023-03-23 14:01:06.576593-04:00,3779.98
2023-03-23 14:24:27.340521-04:00,3785.53
2023-03-23 14:32:40.388414-04:00,3787.54
2023-03-23 14:51:00.157771-04:00,3793.69
2023-03-23 15:00:48.368199-04:00,3785.9
2023-03-23 15:16:14.624371-04:00,3770.01
2023-03-23 15:30:52.070823-04:00,3770.69
2023-03-23 15:40:54.941795-04:00,3773.42
2023-03-23 15:50:51.686083-04:00,3778.63
2023-03-23 16:00:45.273316-04:00,3775.74
2023-03-23 16:21:31.561556-04:00,3782.73
2023-03-23 16:30:54.118070-04:00,3778.89
2023-03-23 16:40:36.548051-04:00,3778.94
2023-03-23 16:51:05.603985-04:00,3776.31
2023-03-23 17:01:06.715251-04:00,3777.65
2023-03-23 17:16:30.784576-04:00,3790.69
2023-03-23 17:21:48.531384-04:00,3788.36
2023-03-23 17:40:53.052667-04:00,3788.08
2023-03-23 17:50:49.298465-04:00,3784.76
2023-03-23 18:00:43.796941-04:00,3781.6
2023-03-23 18:20:03.211081-04:00,3780.34
2023-03-23 18:28:38.377474-04:00,3775.85
2023-03-23 18:34:13.799544-04:00,3775.26
2023-03-23 18:50:47.144382-04:00,3773.98
2023-03-23 19:00:55.159994-04:00,3779.1
2023-03-23 19:20:32.929609-04:00,3782.46
2023-03-23 19:26:39.323647-04:00,3777.63
2023-03-23 19:32:08.412042-04:00,3778.49
2023-03-23 19:50:54.887441-04:00,3775.39
2023-03-23 20:26:02.554823-04:00,3778.14
2023-03-23 21:46:42.360232-04:00,3776.75
2023-03-23 22:26:46.693104-04:00,3776.57
2023-03-23 22:44:18.361458-04:00,3776.6
2023-03-23 22:51:34.626555-04:00,3778.24
2023-03-23 23:01:06.393337-04:00,3777.42
2023-03-23 23:21:06.180619-04:00,3773.12
2023-03-23 23:30:51.079604-04:00,3774.46
2023-03-23 23:40:48.460083-04:00,3774.5
2023-03-23 23:50:54.669091-04:00,3779.62
2023-03-24 00:01:08.561421-04:00,3780.63
2023-03-24 00:24:51.026223-04:00,3783.77
2023-03-24 00:34:23.558073-04:00,3781.64
2023-03-24 00:50:44.022632-04:00,3782.91
2023-03-24 01:00:41.926583-04:00,3783.44
2023-03-24 01:19:29.204484-04:00,3779.04
2023-03-24 01:27:12.174835-04:00,3778.81
2023-03-24 01:32:18.296328-04:00,3777.29
2023-03-24 01:50:45.048650-04:00,3792.58
2023-03-24 02:00:57.374538-04:00,3785.91
2023-03-24 02:25:24.765241-04:00,3773.71
2023-03-24 02:34:02.430198-04:00,3766.64
2023-03-24 02:41:34.359807-04:00,3766.1
2023-03-24 02:50:48.240151-04:00,3768.38
2023-03-24 03:00:58.428020-04:00,3772.98
2023-03-24 03:17:48.175733-04:00,3776.36
2023-03-24 03:23:16.412885-04:00,3778.67
2023-03-24 03:40:44.250070-04:00,3779.93
2023-03-24 03:50:46.853084-04:00,3783.69
2023-03-24 04:00:50.660165-04:00,3787.44
2023-03-24 04:24:21.093836-04:00,3798.13
2023-03-24 04:32:59.954455-04:00,3785.83
2023-03-24 04:51:03.487033-04:00,3787.98
2023-03-24 05:00:52.596967-04:00,3785.34
2023-03-24 05:20:15.517173-04:00,3792.69
2023-03-24 05:26:27.703155-04:00,3791.95
2023-03-24 05:31:45.231341-04:00,3795.29
2023-03-24 05:41:01.039181-04:00,3796.38
2023-03-24 05:50:41.360527-04:00,3801.03
2023-03-24 06:01:04.044855-04:00,3801.4
2023-03-24 06:22:39.706585-04:00,3816.72
2023-03-24 06:32:19.153802-04:00,3806.99
2023-03-24 06:50:52.253133-04:00,3812.56
2023-03-24 07:00:45.198126-04:00,3801.46
2023-03-24 07:17:01.668911-04:00,3811.25
2023-03-24 07:22:46.228131-04:00,3804.36
2023-03-24 07:40:45.127789-04:00,3808.8
2023-03-24 07:50:43.831606-04:00,3810.06
2023-03-24 08:00:48.897055-04:00,3813.33
2023-03-24 08:36:34.081566-04:00,3849.71
2023-03-24 08:55:58.029791-04:00,3850.07
2023-03-24 09:10:04.884263-04:00,3842.99
2023-03-24 09:26:46.773175-04:00,3841.26
2023-03-24 09:32:18.072070-04:00,3841.21
2023-03-24 09:50:53.278390-04:00,3835.21
2023-03-24 10:00:54.479697-04:00,3837.34
2023-03-24 10:20:05.432891-04:00,3818.73
2023-03-24 10:27:06.928249-04:00,3829.78
2023-03-24 10:32:31.721495-04:00,3830.25
2023-03-24 10:50:47.826688-04:00,3825.09
2023-03-24 11:00:47.461618-04:00,3835.9
2023-03-24 11:22:16.892367-04:00,3816.31
2023-03-24 11:40:46.228458-04:00,3828.53
2023-03-24 11:50:49.134022-04:00,3821.23
2023-03-24 12:00:42.501246-04:00,3810.34
2023-03-24 12:28:20.278443-04:00,3807.76
2023-03-24 12:41:46.056562-04:00,3796.93
2023-03-24 13:00:53.974432-04:00,3798.2
2023-03-24 13:19:51.403099-04:00,3803.46
2023-03-24 13:28:01.872271-04:00,3812.95
2023-03-24 13:33:54.971565-04:00,3795.38
2023-03-24 13:50:39.655296-04:00,3786.34
2023-03-24 14:01:02.020799-04:00,3790.16
2023-03-24 14:25:35.952531-04:00,3789.9
2023-03-24 14:33:55.999626-04:00,3785.11
2023-03-24 14:41:47.051466-04:00,3788.67
2023-03-24 15:00:43.492789-04:00,3785.88
2023-03-24 15:16:09.003888-04:00,3792.86
2023-03-24 15:31:05.283476-04:00,3789.52
2023-03-24 15:40:45.797689-04:00,3791.28
2023-03-24 15:50:46.489094-04:00,3787.76
2023-03-24 16:00:51.564609-04:00,3789.5
2023-03-24 16:21:28.177271-04:00,3789.39
2023-03-24 16:30:55.322876-04:00,3790.05
2023-03-24 16:40:40.267421-04:00,3791.63
2023-03-24 16:50:40.413154-04:00,3801.11
2023-03-25 16:41:02.708698-04:00,3806.39
2023-03-26 14:50:44.600380-04:00,3804.46
2023-03-26 15:15:17.620975-04:00,3805.01
2023-03-26 15:30:54.191286-04:00,3805.56
2023-03-26 15:50:54.747029-04:00,3804.74
2023-03-26 16:00:46.490409-04:00,3804.46
2023-03-26 17:16:42.143445-04:00,3803.36
2023-03-26 17:50:42.973102-04:00,3804.46
2023-03-26 18:01:12.719369-04:00,3804.19
2023-03-26 18:19:28.983592-04:00,3794.15
2023-03-26 18:27:22.660566-04:00,3790.94
2023-03-26 18:32:32.287703-04:00,3787.49
2023-03-26 18:50:57.692372-04:00,3790.18
2023-03-26 19:00:56.214264-04:00,3788.44
2023-03-26 19:19:32.292029-04:00,3792.02
2023-03-26 19:25:25.444275-04:00,3794.1
2023-03-26 19:40:41.462095-04:00,3794.9
2023-03-26 19:50:51.760331-04:00,3798.52
2023-03-26 20:25:40.361911-04:00,3795.72
2023-03-26 21:46:03.941104-04:00,3787.85
2023-03-26 22:25:17.297397-04:00,3781.47
2023-03-26 22:43:36.582448-04:00,3778.13
2023-03-26 22:51:57.662801-04:00,3777.2
2023-03-26 23:21:11.332247-04:00,3782.16
2023-03-26 23:30:38.723169-04:00,3778.29
2023-03-26 23:40:36.018452-04:00,3776.93
2023-03-26 23:50:41.160382-04:00,3778.98
2023-03-27 00:00:43.846004-04:00,3778.45
2023-03-27 00:25:17.064047-04:00,3775.8
2023-03-27 00:34:25.790154-04:00,3777.81
2023-03-27 00:41:34.057816-04:00,3779.47
2023-03-27 00:50:48.565929-04:00,3780.01
2023-03-27 01:00:45.079625-04:00,3778.27
2023-03-27 01:19:54.581516-04:00,3776.99
2023-03-27 01:27:41.948117-04:00,3775.04
2023-03-27 01:33:12.762914-04:00,3774.75
2023-03-27 01:50:42.564529-04:00,3778.07
2023-03-27 02:26:30.179710-04:00,3769.34
2023-03-27 02:36:00.780878-04:00,3769.0
2023-03-27 02:42:35.190445-04:00,3772.14
2023-03-27 03:00:55.287977-04:00,3776.95
2023-03-27 03:19:30.198279-04:00,3770.41
2023-03-27 03:25:14.414558-04:00,3773.7
2023-03-27 03:40:45.180747-04:00,3771.84
2023-03-27 03:50:42.279945-04:00,3774.6
2023-03-27 04:01:00.887488-04:00,3786.61
2023-03-27 04:26:49.540464-04:00,3780.2
2023-03-27 04:36:43.246955-04:00,3779.01
2023-03-27 04:42:58.599218-04:00,3775.42
2023-03-27 05:00:46.907378-04:00,3771.83
2023-03-27 05:21:25.490296-04:00,3768.6
2023-03-27 05:31:03.289947-04:00,3768.66
2023-03-27 05:40:55.398613-04:00,3764.9
2023-03-27 05:50:42.029800-04:00,3764.01
2023-03-27 06:00:53.320641-04:00,3762.01
2023-03-27 06:23:38.312620-04:00,3760.25
2023-03-27 06:33:42.139243-04:00,3758.84
2023-03-27 06:50:43.672541-04:00,3753.92
2023-03-27 07:00:54.067957-04:00,3753.93
2023-03-27 07:17:24.581784-04:00,3758.75
2023-03-27 07:23:11.691724-04:00,3760.04
2023-03-27 07:40:36.522176-04:00,3764.59
2023-03-27 07:50:49.839655-04:00,3762.67
2023-03-27 08:01:00.059766-04:00,3762.66
2023-03-27 09:46:28.401814-04:00,3748.3
2023-03-27 10:26:49.290301-04:00,3760.55
2023-03-27 10:36:28.693546-04:00,3764.75
2023-03-27 10:50:57.260883-04:00,3767.92
2023-03-27 11:00:46.701284-04:00,3764.95
2023-03-27 11:22:59.706616-04:00,3769.38
2023-03-27 11:31:57.605368-04:00,3763.55
2023-03-27 11:50:50.738492-04:00,3758.86
2023-03-27 12:00:50.497653-04:00,3760.14
2023-03-27 12:26:55.363892-04:00,3755.51
2023-03-27 12:39:54.428186-04:00,3753.22
2023-03-27 12:46:43.832537-04:00,3752.05
2023-03-27 12:51:58.396864-04:00,3753.09
2023-03-27 13:20:13.356636-04:00,3752.27
2023-03-27 13:29:00.694352-04:00,3750.71
2023-03-27 13:34:37.453729-04:00,3750.08
2023-03-27 13:51:03.201653-04:00,3747.58
2023-03-27 14:00:58.519825-04:00,3747.34
2023-03-27 14:27:42.715913-04:00,3747.7
2023-03-27 14:37:43.967933-04:00,3749.66
2023-03-27 14:44:07.277533-04:00,3750.83
2023-03-27 15:00:43.890097-04:00,3752.06
2023-03-27 15:16:16.610665-04:00,3757.38
2023-03-27 15:30:34.116753-04:00,3760.26
2023-03-27 15:40:37.742107-04:00,3755.14
2023-03-27 15:50:46.472295-04:00,3759.45
2023-03-27 16:02:43.425800-04:00,3760.51
2023-03-27 16:23:38.359942-04:00,3760.6
2023-03-27 16:40:52.111837-04:00,3761.49
2023-03-27 16:50:47.989602-04:00,3760.19
2023-03-27 17:01:15.189901-04:00,3761.72
2023-03-27 17:18:07.112244-04:00,3770.1
2023-03-27 17:24:34.982017-04:00,3769.55
2023-03-27 17:40:36.918420-04:00,3769.83
2023-03-27 17:50:48.568768-04:00,3770.92
2023-03-27 18:00:45.887871-04:00,3770.1
2023-03-27 18:20:32.900166-04:00,3765.85
2023-03-27 18:30:55.413780-04:00,3764.59
2023-03-27 18:40:42.483972-04:00,3764.02
2023-03-27 18:50:54.240075-04:00,3763.82
2023-03-27 19:00:56.722672-04:00,3763.77
2023-03-27 19:21:31.997968-04:00,3769.63
2023-03-27 19:30:46.775291-04:00,3769.1
2023-03-27 19:40:56.302712-04:00,3767.66
2023-03-27 19:50:50.435072-04:00,3765.14
2023-03-27 20:26:44.706664-04:00,3763.74
2023-03-27 21:50:13.209290-04:00,3764.78
2023-03-27 22:28:29.417267-04:00,3759.38
2023-03-27 22:46:58.595487-04:00,3758.56
2023-03-27 22:53:45.878938-04:00,3759.97
2023-03-27 23:21:31.128072-04:00,3753.39
2023-03-27 23:30:48.272283-04:00,3749.3
2023-03-27 23:40:37.366726-04:00,3750.97
2023-03-27 23:50:50.313180-04:00,3750.6
2023-03-28 00:00:58.451317-04:00,3749.19
2023-03-28 00:24:54.126731-04:00,3750.2
2023-03-28 00:34:12.118069-04:00,3746.76
2023-03-28 00:50:54.128281-04:00,3746.07
2023-03-28 01:00:37.891549-04:00,3746.22
2023-03-28 01:20:18.101649-04:00,3743.7
2023-03-28 01:28:03.485789-04:00,3746.45
2023-03-28 01:33:41.053615-04:00,3744.29
2023-03-28 01:50:57.062049-04:00,3746.84
2023-03-28 02:01:16.411785-04:00,3750.65
2023-03-28 02:26:14.516774-04:00,3744.24
2023-03-28 02:35:28.548188-04:00,3743.46
2023-03-28 02:42:17.622316-04:00,3738.63
2023-03-28 03:01:05.415719-04:00,3737.96
2023-03-28 03:18:44.810513-04:00,3729.03
2023-03-28 03:25:08.813657-04:00,3729.12
2023-03-28 03:41:45.222882-04:00,3732.83
2023-03-28 04:00:59.069315-04:00,3734.79
2023-03-28 04:27:26.701363-04:00,3744.97
2023-03-28 04:37:19.368057-04:00,3744.88
2023-03-28 04:43:46.164355-04:00,3744.6
2023-03-28 05:00:52.665560-04:00,3747.26
2023-03-28 05:21:12.167240-04:00,3736.7
2023-03-28 05:30:51.559237-04:00,3739.14
2023-03-28 05:41:03.966693-04:00,3742.04
2023-03-28 05:50:56.642057-04:00,3741.38
2023-03-28 06:00:54.401254-04:00,3746.12
2023-03-28 06:23:55.255655-04:00,3753.17
2023-03-28 06:34:00.196978-04:00,3755.43
2023-03-28 06:51:09.823726-04:00,3757.49
2023-03-28 07:00:42.305030-04:00,3763.95
2023-03-28 07:17:37.365499-04:00,3754.54
2023-03-28 07:23:19.294930-04:00,3761.94
2023-03-28 07:40:49.580145-04:00,3756.08
2023-03-28 07:50:50.844449-04:00,3759.22
2023-03-28 08:01:09.111314-04:00,3754.51
2023-03-28 08:41:22.636992-04:00,3766.66
2023-03-28 08:53:46.068262-04:00,3762.52
2023-03-28 09:03:59.887174-04:00,3762.0
2023-03-28 09:27:31.635538-04:00,3758.69
2023-03-28 09:35:44.678088-04:00,3749.12
2023-03-28 09:50:53.456913-04:00,3757.58
2023-03-28 10:00:55.934751-04:00,3761.77
2023-03-28 10:21:24.665679-04:00,3754.09
2023-03-28 10:32:08.256893-04:00,3761.2
2023-03-28 10:50:54.428101-04:00,3767.59
2023-03-28 11:01:07.594564-04:00,3761.53
2023-03-28 11:22:58.474349-04:00,3768.72
2023-03-28 11:38:00.515977-04:00,3769.53
2023-03-28 11:41:43.318870-04:00,3771.23
2023-03-28 12:08:58.785484-04:00,3769.09
2023-03-28 12:36:12.457698-04:00,3772.63
2023-03-28 12:54:22.119414-04:00,3773.14
2023-03-28 13:20:49.694913-04:00,3708.83
2023-03-28 13:30:48.465929-04:00,3711.78
2023-03-28 13:41:01.054317-04:00,3709.34
2023-03-28 13:50:49.487767-04:00,3703.77
2023-03-28 14:00:56.566428-04:00,3708.76
2023-03-28 14:26:02.964247-04:00,3704.71
2023-03-28 14:35:25.139428-04:00,3703.3
2023-03-28 14:50:42.066514-04:00,3703.15
2023-03-28 15:00:38.470437-04:00,3709.6
2023-03-28 15:16:24.875121-04:00,3710.16
2023-03-28 15:21:50.037182-04:00,3712.45
2023-03-28 15:40:53.282360-04:00,3717.22
2023-03-28 15:50:47.691575-04:00,3715.21
2023-03-28 16:01:04.833122-04:00,3712.58
2023-03-28 16:21:58.122143-04:00,3712.01
2023-03-28 16:40:45.734243-04:00,3712.06
2023-03-28 16:50:37.571847-04:00,3714.01
2023-03-28 17:00:51.595613-04:00,3710.32
2023-03-28 17:17:47.480762-04:00,3716.94
2023-03-28 17:23:54.073052-04:00,3707.96
2023-03-28 17:40:52.029919-04:00,3707.42
2023-03-28 18:01:12.902711-04:00,3707.69
2023-03-28 18:20:00.081387-04:00,3714.11
2023-03-28 18:28:16.639362-04:00,3716.0
2023-03-28 18:33:48.283501-04:00,3716.27
2023-03-28 18:50:40.883675-04:00,3716.84
2023-03-28 19:00:44.254019-04:00,3715.73
2023-03-28 19:19:53.881550-04:00,3715.16
2023-03-28 19:26:05.742593-04:00,3715.28
2023-03-28 19:31:40.616920-04:00,3715.08
2023-03-28 19:50:56.968551-04:00,3715.49
2023-03-28 20:30:06.455824-04:00,3711.95
2023-03-28 21:59:30.092559-04:00,3698.93
2023-03-28 22:39:26.659300-04:00,3702.92
2023-03-28 22:56:08.359490-04:00,3698.52
2023-03-28 23:04:01.081787-04:00,3696.2
2023-03-28 23:21:28.336009-04:00,3699.62
2023-03-28 23:30:57.773482-04:00,3697.58
2023-03-28 23:40:37.122046-04:00,3696.71
2023-03-28 23:50:54.894704-04:00,3693.08
2023-03-29 00:01:12.818310-04:00,3693.8
2023-03-29 00:25:23.418352-04:00,3698.28
2023-03-29 00:34:53.434182-04:00,3696.02
2023-03-29 00:41:58.885906-04:00,3699.96
2023-03-29 01:00:43.512091-04:00,3697.53
2023-03-29 01:20:10.240253-04:00,3694.45
2023-03-29 01:28:08.049463-04:00,3693.75
2023-03-29 01:33:50.773175-04:00,3694.79
2023-03-29 01:50:39.514857-04:00,3689.92
2023-03-29 02:00:57.998126-04:00,3686.12
2023-03-29 02:26:16.445786-04:00,3679.73
2023-03-29 02:35:45.710930-04:00,3684.05
2023-03-29 02:42:28.493286-04:00,3681.95
2023-03-29 03:00:57.389920-04:00,3681.03
2023-03-29 03:18:54.473221-04:00,3677.18
2023-03-29 03:24:54.228790-04:00,3685.22
2023-03-29 03:40:51.362037-04:00,3681.7
2023-03-29 03:50:52.948260-04:00,3685.94
2023-03-29 04:00:53.183843-04:00,3690.45
2023-03-29 04:26:27.056420-04:00,3700.17
2023-03-29 04:35:52.690951-04:00,3699.19
2023-03-29 04:42:34.605627-04:00,3697.59
2023-03-29 05:00:54.049320-04:00,3695.71
2023-03-29 05:20:59.293469-04:00,3699.84
2023-03-29 05:30:39.108851-04:00,3701.29
2023-03-29 05:40:51.350958-04:00,3699.42
2023-03-29 05:51:07.688223-04:00,3698.5
2023-03-29 06:01:02.599617-04:00,3701.97
2023-03-29 06:23:49.932941-04:00,3700.39
2023-03-29 06:33:35.362284-04:00,3703.26
2023-03-29 06:50:50.274842-04:00,3705.2
2023-03-29 07:00:41.480189-04:00,3706.65
2023-03-29 07:17:30.501139-04:00,3700.29
2023-03-29 07:23:24.438884-04:00,3696.01
2023-03-29 07:40:48.109007-04:00,3687.72
2023-03-29 07:50:54.814415-04:00,3686.54
2023-03-29 08:01:09.832489-04:00,3684.62
2023-03-29 08:44:04.329909-04:00,3697.46
2023-03-29 09:04:50.254848-04:00,3693.06
2023-03-29 09:27:43.310451-04:00,3690.93
2023-03-29 09:35:54.405901-04:00,3693.47
2023-03-29 09:51:02.885811-04:00,3699.09
2023-03-29 10:00:41.301797-04:00,3696.5
2023-03-29 10:59:01.297477-04:00,3704.75
2023-03-29 11:22:17.741254-04:00,3698.48
2023-03-29 13:26:18.266830-04:00,3702.97
2023-03-29 14:03:15.546951-04:00,3709.71
2023-03-29 14:30:11.530153-04:00,3711.67
2023-03-29 14:41:21.624024-04:00,3709.99
2023-03-29 14:50:41.698200-04:00,3710.46
2023-03-29 15:01:13.292755-04:00,3711.2
2023-03-29 15:16:44.651836-04:00,3706.42
2023-03-29 15:21:56.769221-04:00,3706.86
2023-03-29 15:40:51.923123-04:00,3700.39
2023-03-29 15:50:45.924960-04:00,3700.65
2023-03-29 16:00:56.273656-04:00,3700.81
2023-03-29 16:21:52.669701-04:00,3700.74
2023-03-29 16:40:52.370184-04:00,3699.54
2023-03-29 16:51:07.805345-04:00,3703.56
2023-03-29 17:00:45.535139-04:00,3699.4
2023-03-29 17:18:47.598464-04:00,3709.5
2023-03-29 17:24:55.770087-04:00,3708.96
2023-03-29 18:01:22.202559-04:00,3709.23
2023-03-29 18:21:10.627007-04:00,3700.22
2023-03-29 18:31:14.463939-04:00,3698.82
2023-03-29 18:40:59.474133-04:00,3699.05
2023-03-29 18:50:40.632772-04:00,3698.81
2023-03-29 19:00:45.182617-04:00,3699.37
2023-03-29 19:20:15.137769-04:00,3699.69
2023-03-29 19:26:55.077401-04:00,3696.77
2023-03-29 19:32:38.079877-04:00,3696.53
2023-03-29 19:50:52.969002-04:00,3696.68
2023-03-29 20:27:56.924757-04:00,3699.39
2023-03-29 21:51:34.758911-04:00,3696.81
2023-03-29 22:30:25.926691-04:00,3699.1
2023-03-29 22:47:52.200565-04:00,3702.1
2023-03-29 22:53:47.419727-04:00,3701.0
2023-03-29 23:21:34.689500-04:00,3701.56
2023-03-29 23:30:47.531247-04:00,3703.71
2023-03-29 23:40:48.434270-04:00,3704.74
2023-03-29 23:50:39.501431-04:00,3706.01
2023-03-30 00:00:52.675336-04:00,3705.49
2023-03-30 00:24:36.554802-04:00,3707.56
2023-03-30 00:33:42.738455-04:00,3707.93
2023-03-30 00:54:25.526318-04:00,3708.88
2023-03-30 01:20:24.927471-04:00,3706.66
2023-03-30 01:28:10.081801-04:00,3709.07
2023-03-30 01:33:47.818347-04:00,3709.92
2023-03-30 01:50:53.677283-04:00,3717.39
2023-03-30 02:01:10.123967-04:00,3719.78
2023-03-30 02:26:09.726704-04:00,3722.72
2023-03-30 02:35:39.546521-04:00,3721.73
2023-03-30 02:42:25.122841-04:00,3722.39
2023-03-30 03:01:19.166214-04:00,3723.38
2023-03-30 03:18:50.285051-04:00,3734.11
2023-03-30 03:24:38.828180-04:00,3734.16
2023-03-30 03:40:40.655882-04:00,3734.54
2023-03-30 03:50:37.831694-04:00,3736.57
2023-03-30 04:00:43.944797-04:00,3734.83
2023-03-30 04:25:51.244723-04:00,3731.55
2023-03-30 04:34:43.324156-04:00,3736.02
2023-03-30 04:41:53.506779-04:00,3736.79
2023-03-30 05:01:01.109237-04:00,3736.06
2023-03-30 05:21:20.843929-04:00,3740.4
2023-03-30 05:30:52.554138-04:00,3740.72
2023-03-30 05:41:07.066372-04:00,3737.86
2023-03-30 05:50:44.012532-04:00,3736.54
2023-03-30 06:01:07.525259-04:00,3740.71
2023-03-30 06:23:07.781937-04:00,3744.84
2023-03-30 06:32:50.325261-04:00,3749.51
2023-03-30 06:50:51.142354-04:00,3749.69
2023-03-30 07:00:53.647221-04:00,3751.52
2023-03-30 07:17:11.391589-04:00,3752.02
2023-03-30 07:22:36.567876-04:00,3756.97
2023-03-30 07:40:42.479897-04:00,3758.41
2023-03-30 07:51:03.751396-04:00,3762.26
2023-03-30 08:01:08.477020-04:00,3749.45
2023-03-30 08:39:59.922718-04:00,3772.23
2023-03-30 09:00:14.742259-04:00,3753.47
2023-03-30 09:19:34.236127-04:00,3744.64
2023-03-30 09:35:21.696535-04:00,3729.77
2023-03-30 09:41:49.278174-04:00,3728.66
2023-03-30 10:00:51.898709-04:00,3721.85
2023-03-30 10:20:08.884815-04:00,3714.51
2023-03-30 10:28:50.131456-04:00,3721.74
2023-03-30 10:34:50.126892-04:00,3721.48
2023-03-30 10:51:17.456215-04:00,3729.71
2023-03-30 11:00:51.143308-04:00,3728.36
2023-03-30 11:21:54.583296-04:00,3745.18
2023-03-30 11:40:41.714240-04:00,3739.23
2023-03-30 11:50:53.293355-04:00,3742.56
2023-03-30 12:00:57.411936-04:00,3747.4
2023-03-30 12:28:00.163987-04:00,3755.07
2023-03-30 12:40:45.226716-04:00,3767.32
2023-03-30 12:50:37.602543-04:00,3765.59
2023-03-30 13:01:02.837052-04:00,3765.65
2023-03-30 13:18:48.177240-04:00,3763.42
2023-03-30 13:27:11.647958-04:00,3760.56
2023-03-30 13:32:27.656768-04:00,3757.38
2023-03-30 13:50:43.439491-04:00,3764.25
2023-03-30 14:00:59.725919-04:00,3755.95
2023-03-30 14:23:55.802437-04:00,3761.66
2023-03-30 14:40:46.297193-04:00,3760.29
2023-03-30 14:50:37.842198-04:00,3751.41
2023-03-30 15:00:55.147926-04:00,3747.91
2023-03-30 15:14:34.133102-04:00,3754.75
2023-03-30 15:30:51.939619-04:00,3754.97
2023-03-30 15:40:39.921035-04:00,3758.72
2023-03-30 15:50:52.303798-04:00,3763.83
2023-03-30 16:00:52.932538-04:00,3766.08
2023-03-30 16:21:02.312537-04:00,3770.66
2023-03-30 16:30:46.314919-04:00,3765.76
2023-03-30 16:40:35.499317-04:00,3768.98
2023-03-30 16:50:47.062237-04:00,3767.97
2023-03-30 17:00:56.603330-04:00,3771.42
2023-03-30 17:16:27.072447-04:00,3771.27
2023-03-30 17:21:49.368402-04:00,3770.44
2023-03-30 17:40:43.750796-04:00,3770.72
2023-03-30 17:50:38.174772-04:00,3771.0
2023-03-30 18:00:44.492373-04:00,3771.55
2023-03-30 18:20:08.654277-04:00,3766.26
2023-03-30 18:28:25.940274-04:00,3769.56
2023-03-30 18:34:04.082280-04:00,3767.09
2023-03-30 18:50:59.389815-04:00,3767.06
2023-03-30 19:01:05.768482-04:00,3766.76
2023-03-30 19:20:17.284163-04:00,3766.03
2023-03-30 19:26:53.966616-04:00,3766.74
2023-03-30 19:32:28.575135-04:00,3768.65
2023-03-30 19:50:52.523236-04:00,3769.63
2023-03-30 20:27:28.814169-04:00,3765.48
2023-03-30 21:49:44.896046-04:00,3768.79
2023-03-30 22:29:05.780983-04:00,3768.11
2023-03-30 22:46:38.984562-04:00,3772.89
2023-03-30 22:52:42.965674-04:00,3768.55
2023-03-30 23:21:09.314204-04:00,3768.65
2023-03-30 23:30:45.130849-04:00,3768.05
2023-03-30 23:40:40.793300-04:00,3769.21
2023-03-30 23:50:51.515589-04:00,3767.91
2023-03-31 00:00:56.506326-04:00,3768.91
2023-03-31 00:24:50.391187-04:00,3772.67
2023-03-31 00:33:56.698508-04:00,3768.34
2023-03-31 00:50:53.496609-04:00,3770.32
2023-03-31 01:00:45.147251-04:00,3772.4
2023-03-31 01:19:38.213681-04:00,3767.17
2023-03-31 01:27:04.774044-04:00,3769.3
2023-03-31 01:32:32.887062-04:00,3768.82
2023-03-31 01:51:01.575336-04:00,3768.23
2023-03-31 02:00:55.097494-04:00,3766.77
2023-03-31 02:26:02.226749-04:00,3767.82
2023-03-31 02:35:11.118428-04:00,3765.73
2023-03-31 02:42:09.531796-04:00,3768.18
2023-03-31 03:01:06.072429-04:00,3769.17
2023-03-31 03:18:13.660180-04:00,3769.16
2023-03-31 03:24:10.781827-04:00,3768.33
2023-03-31 03:40:55.423038-04:00,3757.01
2023-03-31 03:50:49.283665-04:00,3757.45
2023-03-31 04:01:05.319808-04:00,3756.43
2023-03-31 04:25:27.265678-04:00,3766.31
2023-03-31 04:33:56.452318-04:00,3764.61
2023-03-31 04:50:43.512483-04:00,3760.95
2023-03-31 05:01:01.494759-04:00,3765.67
2023-03-31 05:19:51.293414-04:00,3771.75
2023-03-31 05:26:11.415192-04:00,3770.9
2023-03-31 05:40:42.049667-04:00,3772.18
2023-03-31 05:50:43.683817-04:00,3774.66
2023-03-31 06:01:07.675114-04:00,3778.8
2023-03-31 06:23:01.260800-04:00,3769.47
2023-03-31 06:32:17.861508-04:00,3772.44
2023-03-31 06:50:47.293761-04:00,3777.18
2023-03-31 07:01:01.616334-04:00,3780.33
2023-03-31 07:17:07.918214-04:00,3781.27
2023-03-31 07:22:21.231811-04:00,3785.69
2023-03-31 07:40:38.243208-04:00,3785.5
2023-03-31 07:50:51.551127-04:00,3785.61
2023-03-31 08:00:56.620743-04:00,3781.78
2023-03-31 08:38:26.047977-04:00,3776.05
2023-03-31 08:57:57.454202-04:00,3794.6
2023-03-31 09:14:06.538251-04:00,3771.21
2023-03-31 09:28:26.421222-04:00,3783.71
2023-03-31 09:33:31.999452-04:00,3784.73
2023-03-31 09:50:54.919281-04:00,3797.01
2023-03-31 10:01:00.225028-04:00,3793.58
2023-03-31 10:19:34.121989-04:00,3789.39
2023-03-31 10:27:53.423481-04:00,3779.82
2023-03-31 10:33:26.160940-04:00,3786.12
2023-03-31 10:50:48.953394-04:00,3783.82
2023-03-31 11:00:59.107945-04:00,3788.67
2023-03-31 11:21:11.071375-04:00,3786.74
2023-03-31 11:31:02.388895-04:00,3781.62
2023-03-31 11:40:41.844999-04:00,3792.47
2023-03-31 11:50:44.393628-04:00,3794.87
2023-03-31 12:00:49.364347-04:00,3800.07
2023-03-31 12:24:20.054952-04:00,3800.62
2023-03-31 12:36:48.473590-04:00,3806.16
2023-03-31 12:43:32.581178-04:00,3805.51
2023-03-31 13:01:00.300510-04:00,3798.03
2023-03-31 13:18:36.247949-04:00,3793.77
2023-03-31 13:26:24.906125-04:00,3784.08
2023-03-31 13:31:53.591291-04:00,3785.38
2023-03-31 13:50:49.093098-04:00,3784.97
2023-03-31 14:00:44.863719-04:00,3784.19
2023-03-31 14:23:24.880471-04:00,3786.67
2023-03-31 14:40:47.939867-04:00,3786.71
2023-03-31 14:50:38.304895-04:00,3791.31
2023-03-31 15:01:03.254450-04:00,3794.34
2023-03-31 15:15:11.039078-04:00,3792.31
2023-03-31 15:30:48.325680-04:00,3792.74
2023-03-31 15:40:47.416511-04:00,3796.26
2023-03-31 15:50:55.952609-04:00,3795.4
2023-03-31 16:00:52.129306-04:00,3792.95
2023-03-31 16:19:49.783452-04:00,3791.23
2023-03-31 16:25:40.937619-04:00,3789.82
2023-03-31 16:40:42.820081-04:00,3787.86
2023-03-31 16:50:45.821425-04:00,3793.54
2023-03-31 17:00:43.633973-04:00,3795.27
2023-03-31 17:14:52.974616-04:00,3795.47
2023-04-02 15:14:29.482381-04:00,3791.84
2023-04-02 15:30:51.828862-04:00,3789.89
2023-04-02 15:40:53.524067-04:00,3789.06
2023-04-02 15:50:40.478970-04:00,3793.24
2023-04-02 16:00:46.691882-04:00,3790.73
2023-04-02 16:50:58.019747-04:00,3790.45
2023-04-02 17:00:54.961545-04:00,3790.73
2023-04-02 17:15:45.207988-04:00,3789.61
2023-04-02 17:30:54.195360-04:00,3791.29
2023-04-02 17:50:50.312751-04:00,3790.73
2023-04-02 18:00:49.392744-04:00,3790.45
2023-04-02 18:18:05.040625-04:00,3783.25
2023-04-02 18:25:28.126499-04:00,3771.54
2023-04-02 18:40:45.006135-04:00,3777.64
2023-04-02 18:50:44.413257-04:00,3770.41
2023-04-02 19:00:56.318300-04:00,3771.41
2023-04-02 19:18:14.209362-04:00,3768.01
2023-04-02 19:23:23.573262-04:00,3763.49
2023-04-02 19:40:52.111886-04:00,3763.66
2023-04-02 19:50:56.987129-04:00,3761.19
2023-04-02 20:25:59.910511-04:00,3763.48
2023-04-02 21:42:39.607571-04:00,3758.83
2023-04-02 22:19:48.865129-04:00,3751.72
2023-04-02 22:37:22.514794-04:00,3743.56
2023-04-02 22:44:17.135315-04:00,3738.94
2023-04-02 23:00:50.268089-04:00,3737.87
2023-04-02 23:19:39.914183-04:00,3730.52
2023-04-02 23:26:07.296613-04:00,3726.84
2023-04-02 23:41:00.096615-04:00,3728.66
2023-04-02 23:50:56.353554-04:00,3724.8
2023-04-03 00:01:02.377583-04:00,3726.05
2023-04-03 00:23:45.337710-04:00,3730.23
2023-04-03 00:32:11.423925-04:00,3730.55
2023-04-03 00:50:52.680798-04:00,3733.52
2023-04-03 01:00:45.516388-04:00,3733.33
2023-04-03 01:18:52.567558-04:00,3733.99
2023-04-03 01:25:50.298877-04:00,3736.55
2023-04-03 01:40:39.935388-04:00,3734.61
2023-04-03 01:50:48.701023-04:00,3728.61
2023-04-03 02:00:52.032626-04:00,3734.08
2023-04-03 02:24:57.613714-04:00,3736.05
2023-04-03 02:33:08.295418-04:00,3737.06
2023-04-03 02:50:50.681971-04:00,3738.18
2023-04-03 03:00:47.293494-04:00,3735.97
2023-04-03 03:17:56.360169-04:00,3738.18
2023-04-03 03:23:11.748290-04:00,3741.91
2023-04-03 03:40:48.945875-04:00,3745.21
2023-04-03 03:50:41.862480-04:00,3745.72
2023-04-03 04:01:04.962878-04:00,3743.01
2023-04-03 04:25:16.551550-04:00,3744.61
2023-04-03 04:32:31.830953-04:00,3745.44
2023-04-03 04:50:45.424959-04:00,3744.09
2023-04-03 05:00:45.844856-04:00,3747.74
2023-04-03 05:19:34.581689-04:00,3742.12
2023-04-03 05:25:38.636737-04:00,3741.33
2023-04-03 05:40:44.893545-04:00,3744.3
2023-04-03 05:50:42.080072-04:00,3742.38
2023-04-03 06:00:53.500009-04:00,3740.74
2023-04-03 06:21:58.592704-04:00,3758.42
2023-04-03 06:40:46.676989-04:00,3752.98
2023-04-03 06:50:48.250684-04:00,3758.69
2023-04-03 07:00:54.366081-04:00,3757.59
2023-04-03 07:16:12.338484-04:00,3756.07
2023-04-03 07:21:39.690947-04:00,3760.8
2023-04-03 07:40:46.029703-04:00,3765.37
2023-04-03 07:50:52.159381-04:00,3761.55
2023-04-03 08:01:02.108044-04:00,3764.14
2023-04-03 08:37:38.201361-04:00,3784.95
2023-04-03 08:55:53.930821-04:00,3771.94
2023-04-03 09:09:19.405114-04:00,3774.65
2023-04-03 09:25:18.908411-04:00,3756.98
2023-04-03 09:40:51.906127-04:00,3748.79
2023-04-03 09:51:36.060444-04:00,3761.72
2023-04-03 10:19:26.055893-04:00,3766.55
2023-04-03 10:27:34.159815-04:00,3765.4
2023-04-03 10:32:48.798464-04:00,3782.19
2023-04-03 10:50:45.036490-04:00,3779.28
2023-04-03 11:00:46.796349-04:00,3773.96
2023-04-03 11:20:09.537259-04:00,3763.52
2023-04-03 11:27:11.201175-04:00,3759.36
2023-04-03 11:32:32.752020-04:00,3770.17
2023-04-03 11:50:40.803869-04:00,3763.23
2023-04-03 12:00:51.639804-04:00,3765.43
2023-04-03 12:26:13.973999-04:00,3759.71
2023-04-03 12:37:57.003516-04:00,3756.45
2023-04-03 12:44:15.794192-04:00,3757.03
2023-04-03 13:00:55.344697-04:00,3754.57
2023-04-03 13:18:22.127471-04:00,3743.01
2023-04-03 13:25:39.368252-04:00,3740.69
2023-04-03 13:40:40.926583-04:00,3739.05
2023-04-03 13:50:53.915202-04:00,3744.74
2023-04-03 14:00:49.725229-04:00,3746.93
2023-04-03 14:23:50.509248-04:00,3743.48
2023-04-03 14:40:46.058300-04:00,3746.34
2023-04-03 14:50:46.812017-04:00,3744.4
2023-04-03 15:00:48.748281-04:00,3743.95
2023-04-03 15:15:22.005575-04:00,3742.7
2023-04-03 15:30:55.662998-04:00,3747.95
2023-04-03 15:40:51.603425-04:00,3748.22
2023-04-03 15:50:51.281783-04:00,3751.01
2023-04-03 16:01:06.493828-04:00,3752.64
2023-04-03 16:20:05.873243-04:00,3756.65
2023-04-03 16:25:54.697100-04:00,3755.84
2023-04-03 16:40:46.923555-04:00,3754.65
2023-04-03 16:50:53.781107-04:00,3756.8
2023-04-03 17:00:44.625070-04:00,3755.98
2023-04-03 17:16:41.253793-04:00,3761.22
2023-04-03 17:21:46.935402-04:00,3762.05
2023-04-03 17:40:54.143513-04:00,3761.5
2023-04-03 17:50:46.858261-04:00,3761.22
2023-04-03 18:18:40.553240-04:00,3757.3
2023-04-03 18:26:30.707678-04:00,3754.08
2023-04-03 18:31:45.117544-04:00,3754.01
2023-04-03 18:50:59.297539-04:00,3752.64
2023-04-03 19:00:54.854531-04:00,3752.7
2023-04-03 19:18:32.858093-04:00,3751.61
2023-04-03 19:24:37.010789-04:00,3752.7
2023-04-03 19:40:46.048585-04:00,3754.18
2023-04-03 19:50:56.354880-04:00,3754.62
2023-04-03 20:25:39.005465-04:00,3750.83
2023-04-03 21:46:59.724742-04:00,3743.41
2023-04-03 22:24:13.367632-04:00,3741.95
2023-04-03 22:41:11.269053-04:00,3743.53
2023-04-03 22:50:36.848760-04:00,3747.16
2023-04-03 23:00:46.795938-04:00,3748.95
2023-04-03 23:20:17.861202-04:00,3748.09
2023-04-03 23:25:59.763478-04:00,3744.27
2023-04-03 23:40:52.901778-04:00,3745.31
2023-04-03 23:50:49.332341-04:00,3746.36
2023-04-04 00:00:56.603635-04:00,3744.64
2023-04-04 00:23:44.438505-04:00,3742.59
2023-04-04 00:32:09.849078-04:00,3741.6
2023-04-04 00:50:53.634014-04:00,3742.83
2023-04-04 01:01:03.125137-04:00,3746.41
2023-04-04 01:18:57.151880-04:00,3743.32
2023-04-04 01:25:59.647024-04:00,3739.92
2023-04-04 01:41:02.404920-04:00,3738.5
2023-04-04 01:50:45.518585-04:00,3739.88
2023-04-04 02:00:37.832963-04:00,3737.95
2023-04-04 02:24:38.120157-04:00,3738.12
2023-04-04 02:33:05.241683-04:00,3739.15
2023-04-04 02:50:51.272621-04:00,3745.53
2023-04-04 03:00:59.109778-04:00,3746.46
2023-04-04 03:17:25.093791-04:00,3745.22
2023-04-04 03:22:52.291319-04:00,3745.07
2023-04-04 03:40:41.290474-04:00,3747.84
2023-04-04 03:50:58.834496-04:00,3745.41
2023-04-04 04:01:05.363988-04:00,3754.3
2023-04-04 04:24:39.330948-04:00,3759.08
2023-04-04 04:32:41.921037-04:00,3758.04
2023-04-04 04:50:40.417338-04:00,3756.23
2023-04-04 05:00:45.512530-04:00,3755.89
2023-04-04 05:19:20.059968-04:00,3760.47
2023-04-04 05:25:17.167667-04:00,3764.32
2023-04-04 05:40:39.418762-04:00,3760.61
2023-04-04 05:50:49.141091-04:00,3763.77
2023-04-04 06:01:02.510065-04:00,3763.66
2023-04-04 06:21:56.786645-04:00,3762.06
2023-04-04 06:40:57.133403-04:00,3763.88
2023-04-04 06:50:50.814363-04:00,3763.26
2023-04-04 07:00:50.143201-04:00,3759.22
2023-04-04 07:16:13.584447-04:00,3755.34
2023-04-04 07:21:43.390156-04:00,3751.88
2023-04-04 07:40:46.115520-04:00,3748.67
2023-04-04 07:50:51.216769-04:00,3751.54
2023-04-04 08:00:47.881129-04:00,3748.95
2023-04-04 08:37:18.825025-04:00,3758.57
2023-04-04 08:56:03.069097-04:00,3764.43
2023-04-04 09:09:43.955245-04:00,3763.9
2023-04-04 09:25:31.934663-04:00,3766.97
2023-04-04 09:40:53.178657-04:00,3766.51
2023-04-04 09:50:43.406624-04:00,3769.22
2023-04-04 10:00:46.435048-04:00,3770.81
2023-04-04 10:20:22.883558-04:00,3822.67
2023-04-04 10:28:23.425125-04:00,3858.33
2023-04-04 10:33:59.887120-04:00,3860.96
2023-04-04 10:50:58.133534-04:00,3868.66
2023-04-04 11:00:57.433164-04:00,3875.8
2023-04-04 11:20:45.696384-04:00,3885.07
2023-04-04 11:30:57.216320-04:00,3875.09
2023-04-04 11:40:40.152957-04:00,3867.31
2023-04-04 11:50:44.497240-04:00,3878.37
2023-04-04 12:01:15.596517-04:00,3876.66
2023-04-04 12:26:28.809334-04:00,3886.95
2023-04-04 12:38:06.148797-04:00,3887.2
2023-04-04 12:44:14.070541-04:00,3892.31
2023-04-04 13:00:57.857179-04:00,3891.39
2023-04-04 13:16:48.566707-04:00,3883.22
2023-04-04 13:27:33.697120-04:00,3885.03
2023-04-04 13:40:25.553530-04:00,3898.34
2023-04-04 13:51:05.400365-04:00,3891.01
2023-04-04 14:07:13.328448-04:00,3891.37
2023-04-04 14:25:55.065402-04:00,3892.99
2023-04-04 14:36:58.494369-04:00,3896.88
2023-04-04 14:48:00.698317-04:00,3894.91
2023-04-04 14:58:26.991631-04:00,3899.58
2023-04-04 15:14:47.415997-04:00,3898.84
2023-04-04 15:25:43.194403-04:00,3897.36
2023-04-04 15:36:23.690019-04:00,3899.02
2023-04-04 15:47:12.151393-04:00,3897.98
2023-04-04 15:58:14.667726-04:00,3899.88
2023-04-04 16:19:35.709818-04:00,3898.11
2023-04-04 16:30:25.720519-04:00,3897.48
2023-04-04 16:41:17.495632-04:00,3899.07
2023-04-04 16:52:05.617261-04:00,3897.71
2023-04-04 17:07:21.484450-04:00,3897.12
2023-04-04 17:20:21.298369-04:00,3904.14
2023-04-04 17:42:03.432779-04:00,3904.43
2023-04-04 17:52:45.962647-04:00,3905.01
2023-04-04 18:08:57.859133-04:00,3903.57
2023-04-04 18:24:45.275258-04:00,3893.94
2023-04-04 18:35:27.908340-04:00,3895.62
2023-04-04 18:46:20.034550-04:00,3895.12
2023-04-04 18:56:50.097913-04:00,3898.21
2023-04-04 19:16:18.874273-04:00,3897.97
2023-04-04 19:27:01.221196-04:00,3897.94
2023-04-04 19:37:54.586019-04:00,3899.09
2023-04-04 19:48:46.547947-04:00,3896.94
2023-04-04 19:59:19.419338-04:00,3895.75
2023-04-04 21:17:40.810862-04:00,3898.31
2023-04-04 21:59:07.247897-04:00,3900.03
2023-04-04 22:25:09.647129-04:00,3902.4
2023-04-04 22:36:19.070346-04:00,3903.29
2023-04-04 22:47:14.906517-04:00,3906.98
2023-04-04 22:58:02.640449-04:00,3907.87
2023-04-04 23:19:36.773416-04:00,3906.48
2023-04-04 23:30:13.706732-04:00,3905.04
2023-04-04 23:41:06.837938-04:00,3905.08
2023-04-04 23:52:26.733749-04:00,3905.2
2023-04-05 00:09:11.557172-04:00,3907.57
2023-04-05 00:28:31.810761-04:00,3908.32
2023-04-05 00:40:02.084767-04:00,3908.34
2023-04-05 00:50:36.335772-04:00,3905.88
2023-04-05 01:04:01.115895-04:00,3905.27
2023-04-05 01:21:52.910913-04:00,3900.42
2023-04-05 01:33:10.010853-04:00,3896.66
2023-04-05 01:43:49.688382-04:00,3894.15
2023-04-05 01:54:39.198987-04:00,3895.34
2023-04-05 02:17:04.795169-04:00,3896.49
2023-04-05 02:32:25.430192-04:00,3893.2
2023-04-05 02:42:55.751779-04:00,3885.01
2023-04-05 02:53:49.029958-04:00,3881.57
2023-04-05 03:11:01.320168-04:00,3879.23
2023-04-05 03:23:33.115613-04:00,3880.89
2023-04-05 03:35:08.279884-04:00,3887.94
2023-04-05 03:46:11.280339-04:00,3886.68
2023-04-05 03:56:47.603596-04:00,3888.33
2023-04-05 04:23:13.606246-04:00,3889.05
2023-04-05 04:37:29.302531-04:00,3893.94
2023-04-05 04:48:21.660501-04:00,3888.45
2023-04-05 04:59:15.001105-04:00,3888.6
2023-04-05 05:20:52.143465-04:00,3881.53
2023-04-05 05:32:02.418757-04:00,3883.39
2023-04-05 05:42:41.676485-04:00,3880.66
2023-04-05 05:53:25.483566-04:00,3888.99
2023-04-05 06:13:16.950665-04:00,3893.93
2023-04-05 06:31:29.861155-04:00,3887.84
2023-04-05 06:42:15.785371-04:00,3880.97
2023-04-05 06:53:10.410197-04:00,3877.23
2023-04-05 07:09:31.012926-04:00,3874.24
2023-04-05 07:22:32.380474-04:00,3874.05
2023-04-05 07:33:38.626466-04:00,3872.73
2023-04-05 07:44:36.111772-04:00,3869.93
2023-04-05 07:55:32.931949-04:00,3873.09
2023-04-05 08:34:33.058849-04:00,3883.92
2023-04-05 09:06:14.113173-04:00,3883.08
2023-04-05 09:33:22.817492-04:00,3873.09
2023-04-05 09:44:31.703941-04:00,3888.77
2023-04-05 09:55:21.385316-04:00,3874.08
2023-04-05 10:14:43.205328-04:00,3876.52
2023-04-05 10:30:21.289887-04:00,3885.54
2023-04-05 10:41:07.290143-04:00,3872.95
2023-04-05 11:09:36.960511-04:00,3882.66
2023-04-05 12:37:31.732022-04:00,3889.44
2023-04-05 12:52:17.649400-04:00,3891.59
2023-04-05 13:08:30.796385-04:00,3894.06
2023-04-05 13:27:04.764604-04:00,3888.38
2023-04-05 13:37:52.387188-04:00,3885.87
2023-04-05 13:48:29.576839-04:00,3894.45
2023-04-05 13:59:29.296517-04:00,3891.19
2023-04-05 14:27:32.449170-04:00,3894.96
2023-04-05 14:42:23.761750-04:00,3901.0
2023-04-05 14:53:13.255792-04:00,3901.97
2023-04-05 15:09:38.726931-04:00,3896.31
2023-04-05 15:21:29.906669-04:00,3893.59
2023-04-05 15:32:38.296438-04:00,3895.76
2023-04-05 15:43:22.184788-04:00,3895.59
2023-04-05 15:54:09.000633-04:00,3895.35
2023-04-05 16:13:38.876145-04:00,3895.89
2023-04-05 16:28:47.061973-04:00,3891.34
2023-04-05 16:39:26.687307-04:00,3894.6
2023-04-05 16:50:10.473606-04:00,3891.92
2023-04-05 17:02:02.356444-04:00,3893.27
2023-04-05 17:20:01.702288-04:00,3902.75
2023-04-05 17:30:47.882321-04:00,3903.33
2023-04-05 17:41:28.243446-04:00,3901.31
2023-04-05 17:52:05.879374-04:00,3902.75
2023-04-05 18:07:56.607199-04:00,3899.83
2023-04-05 18:23:59.660814-04:00,3889.15
2023-04-05 18:34:49.887580-04:00,3890.39
2023-04-05 18:45:49.145386-04:00,3888.68
2023-04-05 18:56:28.581644-04:00,3890.29
2023-04-05 19:13:08.430329-04:00,3888.76
2023-04-05 19:23:42.794278-04:00,3887.13
2023-04-05 19:34:36.969684-04:00,3890.1
2023-04-05 19:45:16.739225-04:00,3888.42
2023-04-05 19:56:09.219857-04:00,3891.24
2023-04-05 21:12:23.249991-04:00,3867.8
2023-04-05 22:10:21.096053-04:00,3876.56
2023-04-05 22:36:37.268077-04:00,3870.87
2023-04-05 22:47:35.133015-04:00,3869.44
2023-04-05 22:58:28.938803-04:00,3872.2
2023-04-05 23:19:15.415701-04:00,3875.26
2023-04-05 23:29:55.953871-04:00,3875.03
2023-04-05 23:40:49.577340-04:00,3876.75
2023-04-05 23:51:57.666180-04:00,3877.84
2023-04-06 00:09:00.367145-04:00,3878.74
2023-04-06 00:28:09.455030-04:00,3882.81
2023-04-06 00:39:05.067144-04:00,3881.3
2023-04-06 00:49:56.483909-04:00,3883.79
2023-04-06 01:01:18.583818-04:00,3888.04
2023-04-06 01:19:38.516470-04:00,3884.33
2023-04-06 01:30:06.951106-04:00,3883.87
2023-04-06 01:41:05.637021-04:00,3883.84
2023-04-06 01:52:04.112581-04:00,3881.52
2023-04-06 02:10:19.686082-04:00,3886.61
2023-04-06 02:28:42.525647-04:00,3885.37
2023-04-06 02:39:50.615480-04:00,3885.74
2023-04-06 02:50:32.361076-04:00,3881.39
2023-04-06 03:03:24.186478-04:00,3880.82
2023-04-06 03:18:39.936230-04:00,3881.11
2023-04-06 03:29:16.642635-04:00,3886.73
2023-04-06 03:40:00.254990-04:00,3884.94
2023-04-06 03:50:54.945541-04:00,3889.28
2023-04-06 04:07:59.614848-04:00,3891.71
2023-04-06 04:28:28.317238-04:00,3894.74
2023-04-06 04:39:32.697219-04:00,3894.85
2023-04-06 04:50:11.452460-04:00,3898.46
2023-04-06 05:01:38.178451-04:00,3899.89
2023-04-06 05:19:43.249521-04:00,3899.62
2023-04-06 05:30:32.304366-04:00,3903.08
2023-04-06 05:41:11.469342-04:00,3902.36
2023-04-06 05:51:51.643353-04:00,3903.98
2023-04-06 06:08:19.241257-04:00,3902.78
2023-04-06 06:26:36.275637-04:00,3897.98
2023-04-06 06:37:16.949223-04:00,3900.38
2023-04-06 06:48:18.054302-04:00,3907.17
2023-04-06 06:58:56.072186-04:00,3893.58
2023-04-06 07:15:37.033983-04:00,3898.95
2023-04-06 07:26:24.594621-04:00,3891.01
2023-04-06 07:37:08.200897-04:00,3889.93
2023-04-06 07:47:51.891981-04:00,3891.15
2023-04-06 07:58:39.971870-04:00,3894.52
2023-04-06 08:35:59.644842-04:00,3897.51
2023-04-06 08:57:22.194872-04:00,3885.89
2023-04-06 09:22:09.139895-04:00,3878.82
2023-04-06 09:33:11.116932-04:00,3879.47
2023-04-06 09:43:42.113397-04:00,3868.05
2023-04-06 09:54:35.584878-04:00,3864.61
2023-04-06 10:11:55.606454-04:00,3865.37
2023-04-06 10:25:48.497464-04:00,3871.09
2023-04-06 10:36:25.226996-04:00,3877.38
2023-04-06 10:47:22.185748-04:00,3880.4
2023-04-06 10:57:58.544821-04:00,3882.68
2023-04-06 11:17:28.687867-04:00,3878.04
2023-04-06 11:28:22.301517-04:00,3882.02
2023-04-06 11:39:12.599569-04:00,3885.16
2023-04-06 11:49:59.872650-04:00,3894.82
2023-04-06 12:00:34.748446-04:00,3891.02
2023-04-06 12:26:04.607060-04:00,3901.52
2023-04-06 12:40:38.002519-04:00,3899.97
2023-04-06 12:51:22.141429-04:00,3895.09
2023-04-06 13:06:16.350437-04:00,3902.99
2023-04-06 13:22:17.423071-04:00,3891.75
2023-04-06 13:33:05.216219-04:00,3896.86
2023-04-06 13:44:01.650466-04:00,3891.15
2023-04-06 13:54:34.085189-04:00,3891.58
2023-04-06 14:15:13.428858-04:00,3895.32
2023-04-06 14:29:45.825392-04:00,3896.22
2023-04-06 14:40:21.435083-04:00,3892.03
2023-04-06 14:51:19.504932-04:00,3897.42
2023-04-06 15:06:38.468299-04:00,3891.53
2023-04-06 15:16:40.891583-04:00,3891.67
2023-04-06 15:27:25.672182-04:00,3892.95
2023-04-06 15:38:19.330356-04:00,3891.46
2023-04-06 15:48:55.768112-04:00,3893.57
2023-04-06 15:59:50.938174-04:00,3896.79
2023-04-06 16:20:03.219532-04:00,3894.02
2023-04-06 16:30:49.630015-04:00,3896.76
2023-04-06 16:41:56.387744-04:00,3903.12
2023-04-06 16:52:29.376145-04:00,3901.83
2023-04-06 17:07:48.559517-04:00,3905.11
2023-04-06 17:18:55.899345-04:00,3914.6
2023-04-06 17:51:27.545982-04:00,3915.46
2023-04-06 18:06:49.936373-04:00,3914.02
2023-04-06 18:23:44.538913-04:00,3914.89
2023-04-06 19:15:29.602453-04:00,3915.46
2023-04-06 19:26:17.293726-04:00,3915.75
2023-04-06 19:36:59.544074-04:00,3917.19
2023-04-06 19:58:31.761914-04:00,3916.62
2023-04-06 21:24:59.697021-04:00,3915.46
2023-04-06 22:11:32.391040-04:00,3914.89
2023-04-06 22:36:31.811832-04:00,3914.02
2023-04-06 22:47:24.573256-04:00,3914.31
2023-04-06 23:19:35.889238-04:00,3914.6
2023-04-06 23:40:48.866131-04:00,3914.89
2023-04-06 23:51:49.442540-04:00,3914.6
2023-04-07 00:28:50.816586-04:00,3914.02
2023-04-07 01:02:39.907232-04:00,3914.31
2023-04-07 01:21:14.201766-04:00,3914.89
2023-04-07 01:31:49.727539-04:00,3914.6
2023-04-07 01:42:31.667466-04:00,3914.31
2023-04-07 01:53:14.189397-04:00,3913.74
2023-04-07 02:13:30.285311-04:00,3915.18
2023-04-07 02:30:37.410829-04:00,3915.46
2023-04-07 02:41:27.304704-04:00,3915.75
2023-04-07 02:52:18.986765-04:00,3916.04
2023-04-07 03:08:25.924860-04:00,3916.33
2023-04-07 03:21:08.477333-04:00,3915.75
2023-04-07 03:32:34.954290-04:00,3915.46
2023-04-07 03:53:43.601157-04:00,3915.18
2023-04-07 04:14:06.585781-04:00,3916.62
2023-04-07 04:40:32.389619-04:00,3917.19
2023-04-07 04:51:15.902141-04:00,3918.63
2023-04-07 05:07:06.304824-04:00,3920.65
2023-04-07 05:22:02.701354-04:00,3917.77
2023-04-07 05:33:08.607102-04:00,3918.06
2023-04-07 05:54:24.842436-04:00,3917.77
2023-04-07 06:12:37.474058-04:00,3918.34
2023-04-07 07:00:40.487096-04:00,3918.92
2023-04-07 07:16:05.484212-04:00,3919.78
2023-04-07 07:26:35.681033-04:00,3919.5
2023-04-07 07:37:15.810034-04:00,3919.21
2023-04-07 07:47:57.646510-04:00,3920.36
2023-04-07 07:58:40.083427-04:00,3921.8
2023-04-07 08:35:38.850349-04:00,3920.65
2023-04-07 08:56:34.166022-04:00,3922.95
2023-04-07 09:18:50.278840-04:00,3917.77
2023-04-07 09:29:44.151877-04:00,3920.36
2023-04-07 09:40:35.132078-04:00,3920.94
2023-04-07 09:51:16.289167-04:00,3919.78
2023-04-07 10:06:19.954839-04:00,3921.51
2023-04-07 10:22:05.922366-04:00,3920.36
2023-04-07 10:33:17.685373-04:00,3918.63
2023-04-07 10:44:01.696145-04:00,3918.92
2023-04-07 11:13:00.880279-04:00,3921.22
2023-04-07 11:25:25.416764-04:00,3922.09
2023-04-07 11:47:00.775126-04:00,3922.38
2023-04-07 11:57:47.915154-04:00,3922.66
2023-04-07 12:23:50.457753-04:00,3921.8
2023-04-07 12:38:24.096513-04:00,3922.66
2023-04-07 12:59:52.356455-04:00,3921.51
2023-04-07 13:17:26.963931-04:00,3922.09
2023-04-07 13:28:17.838518-04:00,3921.51
2023-04-07 13:39:12.407279-04:00,3922.09
2023-04-07 14:00:25.887375-04:00,3922.66
2023-04-07 14:23:21.092544-04:00,3922.95
2023-04-07 14:45:14.957056-04:00,3922.66
2023-04-07 15:11:38.581173-04:00,3922.09
2023-04-07 15:22:38.592040-04:00,3922.38
2023-04-07 15:33:46.084150-04:00,3922.66
2023-04-07 15:44:17.323102-04:00,3922.95
2023-04-07 16:36:20.820073-04:00,3922.38
2023-04-07 16:47:08.982851-04:00,3922.66
2023-04-07 16:57:49.867421-04:00,3922.09
2023-04-07 17:15:03.596094-04:00,3920.65
2023-04-07 21:44:03.969327-04:00,3920.07
2023-04-07 22:17:27.312814-04:00,3920.65
2023-04-09 17:15:50.202845-04:00,3923.24
2023-04-09 17:26:37.419741-04:00,3923.82
2023-04-09 17:37:36.681884-04:00,3923.53
2023-04-09 17:48:19.025838-04:00,3923.24
2023-04-09 17:59:21.111351-04:00,3923.53
2023-04-09 18:18:11.105030-04:00,3919.78
2023-04-09 18:28:58.499157-04:00,3906.25
2023-04-09 18:39:42.522732-04:00,3906.13
2023-04-09 18:50:23.093775-04:00,3912.42
2023-04-09 19:02:24.073434-04:00,3907.83
2023-04-09 19:18:55.346061-04:00,3906.86
2023-04-09 19:29:54.620740-04:00,3909.07
2023-04-09 19:40:27.716512-04:00,3906.38
2023-04-09 19:51:07.036832-04:00,3906.32
2023-04-09 20:33:19.920293-04:00,3903.26
2023-04-09 21:47:27.517911-04:00,3888.74
2023-04-09 22:21:43.710106-04:00,3885.69
2023-04-09 22:40:50.094113-04:00,3886.97
2023-04-09 22:51:53.572242-04:00,3880.6
2023-04-09 23:08:29.102764-04:00,3883.61
2023-04-09 23:23:52.310406-04:00,3881.18
2023-04-09 23:35:02.959459-04:00,3880.59
2023-04-09 23:45:49.578556-04:00,3881.16
2023-04-09 23:56:46.794577-04:00,3880.36
2023-04-10 00:19:51.345353-04:00,3878.86
2023-04-10 00:32:02.923264-04:00,3881.46
2023-04-10 00:42:52.908207-04:00,3883.5
2023-04-10 00:53:31.869063-04:00,3884.36
2023-04-10 01:10:49.823782-04:00,3881.5
2023-04-10 01:25:22.706001-04:00,3882.79
2023-04-10 01:36:08.392214-04:00,3882.62
2023-04-10 01:46:52.527069-04:00,3884.37
2023-04-10 01:57:26.379564-04:00,3883.54
2023-04-10 02:23:03.484869-04:00,3879.34
2023-04-10 02:35:47.156125-04:00,3882.46
2023-04-10 02:46:29.857926-04:00,3881.07
2023-04-10 02:57:18.255438-04:00,3876.49
2023-04-10 03:15:57.249920-04:00,3879.06
2023-04-10 03:26:53.640821-04:00,3880.67
2023-04-10 03:37:43.963028-04:00,3882.61
2023-04-10 03:48:17.306126-04:00,3878.84
2023-04-10 03:59:05.658016-04:00,3884.69
2023-04-10 04:24:00.253184-04:00,3895.89
2023-04-10 04:35:19.023947-04:00,3894.65
2023-04-10 04:46:19.803184-04:00,3895.08
2023-04-10 04:56:56.053625-04:00,3891.87
2023-04-10 05:16:30.923891-04:00,3891.89
2023-04-10 05:27:16.779532-04:00,3894.05
2023-04-10 05:38:13.429969-04:00,3896.6
2023-04-10 05:48:55.899959-04:00,3898.79
2023-04-10 05:59:43.492103-04:00,3900.76
2023-04-10 06:21:11.802562-04:00,3901.46
2023-04-10 06:32:03.951589-04:00,3905.47
2023-04-10 06:42:53.737345-04:00,3906.21
2023-04-10 06:53:37.644580-04:00,3908.14
2023-04-10 07:09:08.428159-04:00,3906.71
2023-04-10 07:19:59.141091-04:00,3911.39
2023-04-10 07:30:56.311154-04:00,3907.91
2023-04-10 07:42:01.615843-04:00,3912.0
2023-04-10 07:52:38.789346-04:00,3918.77
2023-04-10 08:16:52.698047-04:00,3913.22
2023-04-10 08:45:31.382963-04:00,3916.11
2023-04-10 09:01:45.144582-04:00,3908.3
2023-04-10 09:23:32.205132-04:00,3906.35
2023-04-10 09:34:25.662859-04:00,3904.22
2023-04-10 09:45:06.255642-04:00,3904.12
2023-04-10 09:55:41.385914-04:00,3897.52
2023-04-10 10:13:00.506406-04:00,3890.94
2023-04-10 10:26:15.128149-04:00,3901.28
2023-04-10 10:37:06.894557-04:00,3900.38
2023-04-10 10:47:52.598621-04:00,3894.56
2023-04-10 10:58:24.195578-04:00,3897.66
2023-04-10 11:18:13.130030-04:00,3904.05
2023-04-10 11:29:13.248345-04:00,3890.83
2023-04-10 11:39:59.055814-04:00,3894.12
2023-04-10 11:50:32.631675-04:00,3892.76
2023-04-10 12:06:41.349429-04:00,3889.14
2023-04-10 12:29:01.358793-04:00,3891.0
2023-04-10 12:40:49.658253-04:00,3888.29
2023-04-10 12:51:38.511360-04:00,3892.55
2023-04-10 13:06:39.510612-04:00,3890.47
2023-04-10 13:22:20.248084-04:00,3882.62
2023-04-10 13:33:19.547830-04:00,3885.11
2023-04-10 13:44:10.433337-04:00,3884.26
2023-04-10 13:54:56.110114-04:00,3883.35
2023-04-10 14:16:31.993402-04:00,3885.57
2023-04-10 14:30:24.615200-04:00,3884.37
2023-04-10 14:41:07.597201-04:00,3888.22
2023-04-10 14:51:48.606459-04:00,3891.22
2023-04-10 15:06:36.252052-04:00,3893.92
2023-04-10 15:18:08.932453-04:00,3892.22
2023-04-10 15:28:55.164910-04:00,3894.75
2023-04-10 15:39:36.245308-04:00,3895.4
2023-04-10 15:50:25.058476-04:00,3899.61
2023-04-10 16:04:30.038483-04:00,3897.77
2023-04-10 16:21:58.126793-04:00,3896.88
2023-04-10 16:33:14.174428-04:00,3897.75
2023-04-10 16:43:58.517434-04:00,3894.76
2023-04-10 16:54:44.638143-04:00,3896.42
2023-04-10 17:11:21.457947-04:00,3898.59
2023-04-10 17:22:15.870461-04:00,3906.54
2023-04-10 17:33:04.164821-04:00,3905.68
2023-04-10 17:43:39.608245-04:00,3905.39
2023-04-10 17:54:29.826845-04:00,3906.25
2023-04-10 18:11:42.881384-04:00,3902.93
2023-04-10 18:26:42.227188-04:00,3896.13
2023-04-10 18:37:29.533512-04:00,3895.78
2023-04-10 18:48:14.885153-04:00,3897.88
2023-04-10 18:58:57.991875-04:00,3896.68
2023-04-10 19:18:50.787212-04:00,3897.86
2023-04-10 19:29:38.745272-04:00,3896.15
2023-04-10 19:40:15.712412-04:00,3897.93
2023-04-10 19:51:01.799886-04:00,3898.28
2023-04-10 20:34:35.223947-04:00,3902.53
2023-04-10 21:49:14.271864-04:00,3893.03
2023-04-10 22:23:12.511027-04:00,3900.24
2023-04-10 22:42:43.208551-04:00,3903.29
2023-04-10 22:53:35.654730-04:00,3902.51
2023-04-10 23:11:34.602802-04:00,3902.89
2023-04-10 23:25:18.795220-04:00,3901.52
2023-04-10 23:36:16.392556-04:00,3899.65
2023-04-10 23:47:17.684238-04:00,3897.29
2023-04-10 23:58:05.887344-04:00,3898.15
2023-04-11 00:21:58.708110-04:00,3897.86
2023-04-11 00:33:51.254238-04:00,3899.47
2023-04-11 00:44:44.077942-04:00,3900.29
2023-04-11 00:55:14.094178-04:00,3902.24
2023-04-11 01:12:49.346175-04:00,3904.77
2023-04-11 01:26:09.578062-04:00,3906.9
2023-04-11 01:37:03.891516-04:00,3905.03
2023-04-11 01:47:56.364737-04:00,3907.37
2023-04-11 01:58:27.489753-04:00,3907.25
2023-04-11 02:24:09.297554-04:00,3915.28
2023-04-11 02:36:19.759672-04:00,3908.74
2023-04-11 02:47:12.609944-04:00,3906.33
2023-04-11 02:58:11.074864-04:00,3905.67
2023-04-11 03:17:01.825493-04:00,3902.09
2023-04-11 03:28:06.698433-04:00,3905.37
2023-04-11 03:38:56.746305-04:00,3910.4
2023-04-11 03:49:49.435498-04:00,3912.35
2023-04-11 04:00:28.545619-04:00,3920.43
2023-04-11 04:25:17.232868-04:00,3915.44
2023-04-11 04:37:14.540258-04:00,3916.55
2023-04-11 04:48:06.231976-04:00,3918.52
2023-04-11 04:58:59.991982-04:00,3920.2
2023-04-11 05:19:11.105594-04:00,3917.15
2023-04-11 05:30:01.036398-04:00,3916.4
2023-04-11 05:40:36.905786-04:00,3916.27
2023-04-11 05:51:24.259085-04:00,3916.29
2023-04-11 06:07:53.832384-04:00,3914.97
2023-04-11 06:27:26.901635-04:00,3912.11
2023-04-11 06:38:17.923929-04:00,3909.2
2023-04-11 06:49:01.828260-04:00,3910.58
2023-04-11 06:59:49.752649-04:00,3914.52
2023-04-11 07:16:09.704251-04:00,3914.17
2023-04-11 07:27:05.562100-04:00,3909.51
2023-04-11 07:38:10.679512-04:00,3908.88
2023-04-11 07:48:36.047987-04:00,3906.03
2023-04-11 07:59:27.480437-04:00,3905.79
2023-04-11 08:37:20.258345-04:00,3910.72
2023-04-11 08:59:13.259938-04:00,3902.04
2023-04-11 09:23:31.008129-04:00,3895.33
2023-04-11 09:34:23.279545-04:00,3901.51
2023-04-11 09:45:12.475596-04:00,3898.28
2023-04-11 09:55:50.811836-04:00,3903.41
2023-04-11 10:14:05.438787-04:00,3904.61
2023-04-11 10:27:44.297123-04:00,3911.1
2023-04-11 10:38:34.800286-04:00,3911.14
2023-04-11 10:49:15.723050-04:00,3910.15
2023-04-11 11:00:01.274003-04:00,3909.1
2023-04-11 11:20:32.025460-04:00,3906.46
2023-04-11 11:31:39.133446-04:00,3908.64
2023-04-11 11:42:22.319968-04:00,3913.67
2023-04-11 11:53:12.623325-04:00,3916.88
2023-04-11 12:13:02.361292-04:00,3920.99
2023-04-11 12:33:48.659544-04:00,3922.15
2023-04-11 12:44:43.794068-04:00,3921.52
2023-04-11 12:55:28.311260-04:00,3921.39
2023-04-11 13:11:48.920513-04:00,3916.56
2023-04-11 13:24:27.204507-04:00,3910.54
2023-04-11 13:35:20.570599-04:00,3912.94
2023-04-11 13:46:13.977164-04:00,3914.53
2023-04-11 13:56:42.914514-04:00,3913.62
2023-04-11 14:19:35.566085-04:00,3915.05
2023-04-11 14:30:48.730877-04:00,3914.0
2023-04-11 14:41:33.671624-04:00,3910.23
2023-04-11 14:52:20.707232-04:00,3911.97
2023-04-11 15:07:06.398863-04:00,3912.31
2023-04-11 15:18:00.587139-04:00,3911.9
2023-04-11 15:28:45.167288-04:00,3911.09
2023-04-11 15:39:29.541598-04:00,3913.68
2023-04-11 15:50:15.549699-04:00,3909.38
2023-04-11 16:02:05.342837-04:00,3908.72
2023-04-11 16:21:16.737108-04:00,3911.08
2023-04-11 16:32:12.238985-04:00,3909.29
2023-04-11 16:43:32.772797-04:00,3907.53
2023-04-11 16:53:43.963024-04:00,3907.57
2023-04-11 17:09:52.258863-04:00,3905.49
2023-04-11 17:21:19.530347-04:00,3918.34
2023-04-11 17:32:15.688959-04:00,3918.05
2023-04-11 17:43:03.424037-04:00,3917.47
2023-04-11 17:54:02.164315-04:00,3917.76
2023-04-11 18:10:33.861463-04:00,3924.88
2023-04-11 18:24:46.038277-04:00,3908.74
2023-04-11 18:35:40.445123-04:00,3910.96
2023-04-11 18:46:26.113190-04:00,3911.17
2023-04-11 18:57:21.706546-04:00,3910.2
2023-04-11 19:17:13.260102-04:00,3907.19
2023-04-11 19:27:50.850463-04:00,3906.73
2023-04-11 19:38:53.333364-04:00,3906.99
2023-04-11 19:49:37.110282-04:00,3909.76
2023-04-11 20:00:27.654344-04:00,3908.43
2023-04-11 21:36:45.814820-04:00,3935.66
2023-04-11 22:22:00.652117-04:00,3941.58
2023-04-11 22:42:23.762421-04:00,3946.52
2023-04-11 22:52:44.427138-04:00,3942.15
2023-04-11 23:09:53.548095-04:00,3948.77
2023-04-11 23:24:28.383686-04:00,3944.0
2023-04-11 23:35:48.071454-04:00,3945.89
2023-04-11 23:46:34.092980-04:00,3945.77
2023-04-11 23:57:24.663674-04:00,3948.19
2023-04-12 00:21:16.189502-04:00,3945.89
2023-04-12 00:33:10.800697-04:00,3948.65
2023-04-12 00:43:58.461997-04:00,3948.64
2023-04-12 00:54:43.914765-04:00,3951.95
2023-04-12 01:12:04.742438-04:00,3949.52
2023-04-12 01:26:19.944299-04:00,3949.32
2023-04-12 01:37:12.517706-04:00,3951.26
2023-04-12 01:47:48.200872-04:00,3951.75
2023-04-12 01:58:27.545120-04:00,3951.68
2023-04-12 02:24:34.378424-04:00,3940.41
2023-04-12 02:37:02.884654-04:00,3935.91
2023-04-12 02:47:41.159101-04:00,3939.46
2023-04-12 02:58:14.712265-04:00,3940.76
2023-04-12 03:17:14.464490-04:00,3940.55
2023-04-12 03:28:04.018246-04:00,3939.33
2023-04-12 03:38:47.060048-04:00,3938.35
2023-04-12 03:49:26.899578-04:00,3932.33
2023-04-12 04:00:07.328423-04:00,3930.36
2023-04-12 04:24:47.241128-04:00,3921.29
2023-04-12 04:36:49.150457-04:00,3915.89
2023-04-12 04:47:26.322885-04:00,3916.21
2023-04-12 04:57:56.389627-04:00,3918.45
2023-04-12 05:18:43.079818-04:00,3910.99
2023-04-12 05:29:23.169208-04:00,3916.09
2023-04-12 05:40:14.838505-04:00,3915.37
2023-04-12 05:50:50.283961-04:00,3918.76
2023-04-12 06:06:46.389828-04:00,3919.91
2023-04-12 06:26:25.898990-04:00,3922.57
2023-04-12 06:37:23.474193-04:00,3919.19
2023-04-12 06:48:14.738314-04:00,3925.34
2023-04-12 06:58:53.059348-04:00,3927.22
2023-04-12 07:16:22.269469-04:00,3921.12
2023-04-12 07:27:14.964420-04:00,3924.96
2023-04-12 07:38:02.759007-04:00,3926.57
2023-04-12 07:49:02.434693-04:00,3928.0
2023-04-12 07:59:50.569463-04:00,3924.54
2023-04-12 08:37:50.939821-04:00,3925.04
2023-04-12 08:59:08.217356-04:00,3976.21
2023-04-12 09:24:00.743637-04:00,3960.66
2023-04-12 09:35:13.017345-04:00,3959.48
2023-04-12 09:45:51.477298-04:00,3944.08
2023-04-12 09:56:41.033345-04:00,3919.72
2023-04-12 10:15:34.955106-04:00,3931.46
2023-04-12 10:28:30.778977-04:00,3935.48
2023-04-12 10:39:21.583675-04:00,3929.64
2023-04-12 10:50:08.805272-04:00,3920.77
2023-04-12 11:01:23.801045-04:00,3916.59
2023-04-12 11:21:19.820927-04:00,3923.54
2023-04-12 11:32:16.663266-04:00,3931.47
2023-04-12 11:43:00.419169-04:00,3925.2
2023-04-12 11:53:46.887058-04:00,3928.23
2023-04-12 12:15:05.406062-04:00,3929.12
2023-04-12 12:35:01.763383-04:00,3935.4
2023-04-12 12:45:42.626312-04:00,3932.61
2023-04-12 12:56:24.548245-04:00,3932.58
2023-04-12 13:14:02.348057-04:00,3933.58
2023-04-12 13:26:21.373779-04:00,3934.56
2023-04-12 13:37:16.218893-04:00,3938.78
2023-04-12 13:47:54.374526-04:00,3944.12
2023-04-12 13:58:44.218420-04:00,3948.25
2023-04-12 14:24:02.034523-04:00,3957.92
2023-04-12 14:37:31.487418-04:00,3953.87
2023-04-12 14:48:17.647967-04:00,3960.1
2023-04-12 14:58:51.033446-04:00,3959.14
2023-04-12 15:15:07.635913-04:00,3961.4
2023-04-12 15:25:54.723943-04:00,3962.81
2023-04-12 15:36:43.613569-04:00,3964.04
2023-04-12 15:47:17.093087-04:00,3962.56
2023-04-12 15:57:52.988405-04:00,3960.31
2023-04-12 16:19:22.162443-04:00,3957.21
2023-04-12 16:30:13.108520-04:00,3959.29
2023-04-12 16:41:05.029581-04:00,3960.89
2023-04-12 16:51:53.788694-04:00,3962.16
2023-04-12 17:07:07.202622-04:00,3959.98
2023-04-12 17:20:08.392430-04:00,3969.11
2023-04-12 17:30:55.009013-04:00,3968.82
2023-04-12 17:41:43.665594-04:00,3969.99
2023-04-12 17:52:23.309944-04:00,3965.64
2023-04-12 18:08:36.945904-04:00,3962.68
2023-04-12 18:24:53.492682-04:00,3960.75
2023-04-12 18:35:45.091091-04:00,3960.95
2023-04-12 18:46:31.220661-04:00,3962.28
2023-04-12 18:57:20.347562-04:00,3962.7
2023-04-12 19:17:08.342657-04:00,3963.35
2023-04-12 19:27:53.401141-04:00,3962.6
2023-04-12 19:38:49.448068-04:00,3962.83
2023-04-12 19:49:30.784387-04:00,3964.95
2023-04-12 20:00:09.057224-04:00,3964.96
2023-04-12 21:34:46.274001-04:00,3959.45
2023-04-12 22:20:38.952133-04:00,3961.3
2023-04-12 22:41:08.153578-04:00,3963.32
2023-04-12 22:51:41.187888-04:00,3962.47
2023-04-12 23:08:39.047069-04:00,3961.77
2023-04-12 23:23:48.593312-04:00,3956.22
2023-04-12 23:35:08.162614-04:00,3959.28
2023-04-12 23:46:02.710190-04:00,3959.86
2023-04-12 23:56:41.772404-04:00,3958.3
2023-04-13 00:20:12.762907-04:00,3959.47
2023-04-13 00:32:14.614432-04:00,3959.55
2023-04-13 00:42:56.517793-04:00,3957.92
2023-04-13 00:53:49.780888-04:00,3958.4
2023-04-13 01:10:54.453808-04:00,3957.23
2023-04-13 01:25:21.040427-04:00,3952.96
2023-04-13 01:36:04.126697-04:00,3953.43
2023-04-13 01:46:44.648443-04:00,3948.19
2023-04-13 01:57:24.731326-04:00,3949.85
2023-04-13 02:22:50.480579-04:00,3953.06
2023-04-13 02:35:21.561238-04:00,3953.53
2023-04-13 02:46:07.922067-04:00,3949.61
2023-04-13 02:57:08.120282-04:00,3951.31
2023-04-13 03:15:48.319315-04:00,3945.89
2023-04-13 03:26:16.508593-04:00,3948.61
2023-04-13 03:36:51.482190-04:00,3950.79
2023-04-13 03:47:53.813988-04:00,3960.32
2023-04-13 03:58:32.429215-04:00,3962.48
2023-04-13 04:24:12.557077-04:00,3966.66
2023-04-13 04:36:26.042640-04:00,3964.23
2023-04-13 04:47:00.792720-04:00,3963.16
2023-04-13 04:57:41.221253-04:00,3960.76
2023-04-13 05:17:59.784653-04:00,3957.16
2023-04-13 05:29:09.960342-04:00,3956.57
2023-04-13 05:39:59.636600-04:00,3958.3
2023-04-13 05:50:39.384005-04:00,3958.18
2023-04-13 06:05:49.368855-04:00,3955.56
2023-04-13 06:25:55.641181-04:00,3961.78
2023-04-13 06:36:38.033370-04:00,3958.21
2023-04-13 06:47:19.968084-04:00,3963.99
2023-04-13 06:58:11.549258-04:00,3961.63
2023-04-13 07:15:40.940806-04:00,3962.02
2023-04-13 07:26:30.159626-04:00,3961.48
2023-04-13 07:37:22.752031-04:00,3962.68
2023-04-13 07:48:04.641680-04:00,3960.61
2023-04-13 07:59:08.353737-04:00,3956.92
2023-04-13 08:39:14.847803-04:00,3968.84
2023-04-13 08:59:33.891082-04:00,3979.9
2023-04-13 09:26:57.599713-04:00,3988.77
2023-04-13 09:37:50.587718-04:00,3983.82
2023-04-13 09:49:05.335755-04:00,3993.89
2023-04-13 09:59:46.326125-04:00,3989.06
2023-04-13 10:18:50.150580-04:00,3992.32
2023-04-13 10:29:31.395758-04:00,3988.45
2023-04-13 10:40:23.639201-04:00,3981.58
2023-04-13 10:51:18.767311-04:00,3965.7
2023-04-13 11:07:28.345219-04:00,3969.84
2023-04-13 11:23:59.981054-04:00,3973.82
2023-04-13 11:35:16.569498-04:00,3973.9
2023-04-13 11:45:57.517548-04:00,3971.98
2023-04-13 11:56:49.638637-04:00,3972.12
2023-04-13 12:21:06.771877-04:00,3972.28
2023-04-13 12:37:37.619263-04:00,3971.48
2023-04-13 12:48:20.444732-04:00,3972.15
2023-04-13 12:59:05.172698-04:00,3974.11
2023-04-13 13:16:03.052522-04:00,3975.26
2023-04-13 13:26:51.284675-04:00,3976.29
2023-04-13 13:37:46.270966-04:00,3978.16
2023-04-13 13:48:42.786680-04:00,3984.01
2023-04-13 13:59:17.158428-04:00,3984.85
2023-04-13 14:24:02.243022-04:00,3983.46
2023-04-13 14:35:30.167993-04:00,3980.94
2023-04-13 14:46:12.983550-04:00,3974.91
2023-04-13 14:56:59.963275-04:00,3972.19
2023-04-13 15:13:03.794650-04:00,3967.97
2023-04-13 15:23:39.763351-04:00,3970.34
2023-04-13 15:34:40.761511-04:00,3976.73
2023-04-13 15:45:20.384944-04:00,3976.57
2023-04-13 15:56:21.839312-04:00,3978.63
2023-04-13 16:16:25.559638-04:00,3975.32
2023-04-13 16:27:17.769650-04:00,3975.86
2023-04-13 16:38:03.461127-04:00,3976.51
2023-04-13 16:48:58.982634-04:00,3977.56
2023-04-13 16:59:46.873661-04:00,3977.15
2023-04-13 17:16:57.072017-04:00,3977.02
2023-04-13 17:27:37.709383-04:00,3978.5
2023-04-13 17:38:18.093221-04:00,3977.9
2023-04-13 17:49:01.301300-04:00,3979.09
2023-04-13 17:59:51.656275-04:00,3978.5
2023-04-13 18:19:05.655920-04:00,3976.28
2023-04-13 18:29:46.122255-04:00,3976.84
2023-04-13 18:40:34.695079-04:00,3979.99
2023-04-13 18:51:24.110275-04:00,3975.89
2023-04-13 19:07:05.815121-04:00,3975.08
2023-04-13 19:22:17.586737-04:00,3972.97
2023-04-13 19:33:23.180288-04:00,3974.8
2023-04-13 19:44:06.029050-04:00,3972.42
2023-04-13 19:54:49.989852-04:00,3973.36
2023-04-13 21:05:16.675373-04:00,3977.39
2023-04-13 22:07:37.987221-04:00,3999.56
2023-04-13 22:36:16.271574-04:00,3999.14
2023-04-13 22:47:01.044499-04:00,3998.96
2023-04-13 22:57:47.947778-04:00,4001.59
2023-04-13 23:18:50.794741-04:00,3996.65
2023-04-13 23:29:28.067373-04:00,3996.12
2023-04-13 23:40:11.964054-04:00,3997.93
2023-04-13 23:51:04.138909-04:00,4000.5
2023-04-14 00:07:52.779213-04:00,4001.03
2023-04-14 00:27:37.538468-04:00,4002.03
2023-04-14 00:38:54.126409-04:00,4001.12
2023-04-14 00:49:39.049199-04:00,3992.88
2023-04-14 01:00:32.220227-04:00,3991.76
2023-04-14 01:19:49.699950-04:00,3991.38
2023-04-14 01:30:29.828146-04:00,3993.46
2023-04-14 01:41:25.934751-04:00,3988.13
2023-04-14 01:52:10.203496-04:00,3981.55
2023-04-14 02:11:30.209281-04:00,3982.9
2023-04-14 02:29:20.278353-04:00,3986.48
2023-04-14 02:40:01.393535-04:00,3982.88
2023-04-14 02:50:46.802584-04:00,3980.71
2023-04-14 03:04:37.434065-04:00,3979.91
2023-04-14 03:19:36.715467-04:00,3981.31
2023-04-14 03:30:25.619434-04:00,3982.59
2023-04-14 03:41:07.895260-04:00,3981.7
2023-04-14 03:51:50.862574-04:00,3977.41
2023-04-14 04:10:15.421935-04:00,3977.06
2023-04-14 04:28:30.691271-04:00,3973.59
2023-04-14 04:39:24.336667-04:00,3968.24
2023-04-14 04:50:12.289582-04:00,3968.05
2023-04-14 05:01:14.848353-04:00,3971.02
2023-04-14 05:19:47.052872-04:00,3974.23
2023-04-14 05:30:31.862462-04:00,3975.01
2023-04-14 05:41:12.159671-04:00,3978.68
2023-04-14 05:51:55.904479-04:00,3985.7
2023-04-14 06:08:51.416422-04:00,3990.89
2023-04-14 06:27:20.319844-04:00,4000.09
2023-04-14 06:38:16.010311-04:00,4001.55
2023-04-14 06:49:05.954852-04:00,3994.74
2023-04-14 06:59:42.898694-04:00,4000.5
2023-04-14 07:16:19.716332-04:00,3995.13
2023-04-14 07:27:10.339443-04:00,3994.83
2023-04-14 07:37:50.572676-04:00,3991.15
2023-04-14 07:48:42.439038-04:00,3993.33
2023-04-14 07:59:20.733435-04:00,3993.19
2023-04-14 08:36:26.190942-04:00,4002.44
2023-04-14 08:57:24.578367-04:00,3965.82
2023-04-14 09:20:48.186127-04:00,3977.46
2023-04-14 09:31:40.974839-04:00,3983.16
2023-04-14 09:42:13.406399-04:00,3991.37
2023-04-14 09:53:07.247589-04:00,3983.43
2023-04-14 10:09:13.496588-04:00,3981.35
2023-04-14 10:24:52.777804-04:00,3956.82
2023-04-14 10:35:46.251389-04:00,3954.25
2023-04-14 10:46:37.214582-04:00,3938.86
2023-04-14 10:57:15.524299-04:00,3919.66
2023-04-14 11:17:50.886766-04:00,3906.31
2023-04-14 11:28:47.677322-04:00,3903.11
2023-04-14 11:39:16.944556-04:00,3912.66
2023-04-14 11:50:05.852546-04:00,3909.68
2023-04-14 12:01:20.674909-04:00,3908.96
2023-04-14 12:26:49.407782-04:00,3908.3
2023-04-14 12:41:06.727976-04:00,3907.48
2023-04-14 12:52:00.165088-04:00,3909.68
2023-04-14 13:06:59.357794-04:00,3921.88
2023-04-14 13:21:48.290446-04:00,3922.97
2023-04-14 13:32:57.464863-04:00,3920.17
2023-04-14 13:43:37.258801-04:00,3924.67
2023-04-14 13:54:23.628576-04:00,3920.71
2023-04-14 14:14:56.040429-04:00,3922.86
2023-04-14 14:29:57.987585-04:00,3921.93
2023-04-14 14:40:28.655270-04:00,3918.43
2023-04-14 14:51:16.676206-04:00,3918.64
2023-04-14 15:04:54.282023-04:00,3922.48
2023-04-14 15:17:04.680127-04:00,3923.21
2023-04-14 15:27:48.071198-04:00,3927.09
2023-04-14 15:38:22.850536-04:00,3923.42
2023-04-14 15:49:09.760805-04:00,3923.64
2023-04-14 15:59:50.301968-04:00,3922.33
2023-04-14 16:20:13.685519-04:00,3924.01
2023-04-14 16:31:06.572614-04:00,3923.52
2023-04-14 16:41:44.122230-04:00,3923.82
2023-04-14 16:52:23.908135-04:00,3921.08
2023-04-14 17:07:46.790801-04:00,3922.97
2023-04-14 17:20:48.085698-04:00,3923.99
2023-04-16 17:24:31.615997-04:00,3926.32
2023-04-16 17:35:25.202427-04:00,3923.12
2023-04-16 17:57:00.894485-04:00,3923.7
2023-04-16 18:15:28.909633-04:00,3924.73
2023-04-16 18:27:43.692017-04:00,3919.05
2023-04-16 18:38:18.869717-04:00,3921.09
2023-04-16 18:49:03.206915-04:00,3914.2
2023-04-16 18:59:48.321411-04:00,3915.06
2023-04-16 19:18:21.388906-04:00,3921.22
2023-04-16 19:29:01.775198-04:00,3919.34
2023-04-16 19:39:44.038962-04:00,3917.55
2023-04-16 19:50:29.233936-04:00,3915.21
2023-04-16 20:29:58.795902-04:00,3914.56
2023-04-16 21:49:58.532848-04:00,3915.0
2023-04-16 22:25:41.077509-04:00,3915.54
2023-04-16 22:45:12.977638-04:00,3911.99
2023-04-16 22:55:50.677025-04:00,3908.49
2023-04-16 23:15:49.308321-04:00,3909.18
2023-04-16 23:26:58.505127-04:00,3909.64
2023-04-16 23:37:52.187699-04:00,3911.23
2023-04-16 23:48:30.158194-04:00,3909.93
2023-04-16 23:59:11.957999-04:00,3909.99
2023-04-17 00:23:55.528001-04:00,3911.79
2023-04-17 00:36:20.830901-04:00,3914.27
2023-04-17 00:47:01.958756-04:00,3911.15
2023-04-17 00:57:54.915424-04:00,3911.9
2023-04-17 01:18:25.135767-04:00,3912.95
2023-04-17 01:29:07.978935-04:00,3912.24
2023-04-17 01:40:23.604577-04:00,3912.96
2023-04-17 01:50:53.770380-04:00,3913.24
2023-04-17 02:08:40.857466-04:00,3921.6
2023-04-17 02:29:45.758410-04:00,3932.02
2023-04-17 02:41:04.004699-04:00,3931.14
2023-04-17 02:51:48.942504-04:00,3924.81
2023-04-17 03:07:51.165252-04:00,3928.14
2023-04-17 03:21:45.675618-04:00,3938.71
2023-04-17 03:32:47.961361-04:00,3940.41
2023-04-17 03:43:21.302586-04:00,3947.82
2023-04-17 03:54:19.367107-04:00,3946.14
2023-04-17 04:16:34.340342-04:00,3938.75
2023-04-17 04:32:18.316772-04:00,3938.49
2023-04-17 04:43:43.880028-04:00,3935.83
2023-04-17 04:53:46.105185-04:00,3936.54
2023-04-17 05:11:58.167981-04:00,3940.38
2023-04-17 05:25:39.562316-04:00,3940.14
2023-04-17 05:37:06.807485-04:00,3938.24
2023-04-17 05:47:46.482011-04:00,3938.38
2023-04-17 05:58:27.501404-04:00,3934.46
2023-04-17 06:21:37.078362-04:00,3929.28
2023-04-17 06:33:52.365995-04:00,3929.88
2023-04-17 06:44:31.374885-04:00,3928.47
2023-04-17 06:55:14.214044-04:00,3926.56
2023-04-17 07:12:06.260917-04:00,3924.46
2023-04-17 07:22:49.727106-04:00,3922.39
2023-04-17 07:34:00.026264-04:00,3927.18
2023-04-17 07:44:44.230285-04:00,3928.85
2023-04-17 07:55:44.966674-04:00,3930.42
2023-04-17 08:29:25.474709-04:00,3929.1
2023-04-17 08:55:34.053696-04:00,3930.25
2023-04-17 09:18:10.627874-04:00,3932.04
2023-04-17 09:30:03.800716-04:00,3925.0
2023-04-17 09:40:49.206827-04:00,3929.39
2023-04-17 09:51:36.960066-04:00,3917.51
2023-04-17 10:07:16.597320-04:00,3912.01
2023-04-17 10:24:53.880348-04:00,3903.5
2023-04-17 10:35:43.960266-04:00,3889.82
2023-04-17 10:46:29.622010-04:00,3873.9
2023-04-17 10:57:13.087691-04:00,3868.08
2023-04-17 11:18:08.251625-04:00,3875.0
2023-04-17 11:29:05.512070-04:00,3876.51
2023-04-17 11:39:35.648886-04:00,3883.7
2023-04-17 11:50:20.428687-04:00,3879.15
2023-04-17 12:05:20.402986-04:00,3880.56
2023-04-17 12:29:47.735038-04:00,3876.3
2023-04-17 12:43:21.095884-04:00,3872.37
2023-04-17 12:54:30.131074-04:00,3875.28
